X,Y,Concentrations,Crez,Vx,Vy
5.0,5.0,0.0,0,0.0,0.0
5.0,15.0,0.0,0,0.010752173179975386,0.0
5.0,25.0,0.0,0,0.011199419564433384,0.0
5.0,35.0,0.0,0,0.011656568901949587,0.0
5.0,45.0,0.0,0,0.012121353547201268,0.0
5.0,55.0,0.0,0,0.012590995861636669,0.0
5.0,65.0,0.0,0,0.013062175721461886,0.0
5.0,75.0,0.0,0,0.01353101299608453,0.0
5.0,85.0,0.0,0,0.01399307059505647,0.0
5.0,95.0,0.0,0,0.014443383836052443,0.0
5.0,105.0,0.0,0,0.01487652144692948,0.0
5.0,115.0,0.0,0,0.015286682295625997,0.0
5.0,125.0,0.0,0,0.015667829814480835,0.0
5.0,135.0,0.0,0,0.01601386303685663,0.0
5.0,145.0,0.0,0,0.01631881934987034,0.0
5.0,155.0,0.0,0,0.016577099848640833,0.0
5.0,165.0,0.0,0,0.016783704114641345,0.0
5.0,175.0,0.0,0,0.01693445802801214,0.0
5.0,185.0,0.0,0,0.017026216565749933,0.0
5.0,195.0,0.0,0,0.017057023984202002,0.0
5.0,205.0,0.0,0,0.017026216565749933,0.0
5.0,215.0,0.0,0,0.01693445802801214,0.0
5.0,225.0,0.0,0,0.016783704114641345,0.0
5.0,235.0,0.0,0,0.016577099848640833,0.0
5.0,245.0,0.0,0,0.01631881934987034,0.0
5.0,255.0,0.0,0,0.01601386303685663,0.0
5.0,265.0,0.0,0,0.015667829814480835,0.0
5.0,275.0,0.0,0,0.015286682295625997,0.0
5.0,285.0,0.0,0,0.01487652144692948,0.0
5.0,295.0,0.0,0,0.014443383836052443,0.0
5.0,305.0,0.0,0,0.01399307059505647,0.0
5.0,315.0,0.0,0,0.01353101299608453,0.0
5.0,325.0,0.0,0,0.013062175721461886,0.0
5.0,335.0,0.0,0,0.012590995861636669,0.0
5.0,345.0,0.0,0,0.012121353547201268,0.0
5.0,355.0,0.0,0,0.011656568901949587,0.0
5.0,365.0,0.0,0,0.011199419564433384,0.0
5.0,375.0,0.0,0,0.010752173179975386,0.0
5.0,385.0,0.0,0,0.010316629816605652,0.0
15.0,5.0,0.0,0,0.0,0.008513828962640323
15.0,15.0,0.0,0,0.010865124830134057,0.008400877312481653
15.0,25.0,0.0,0,0.011343213781884198,0.00825708309503093
15.0,35.0,0.0,0,0.011834175920928332,0.008079476076052137
15.0,45.0,0.0,0,0.012335725362268596,0.007865104260984721
15.0,55.0,0.0,0,0.01284497907437882,0.007611121048242661
15.0,65.0,0.0,0,0.01335840531521217,0.0073148914544923106
15.0,75.0,0.0,0,0.013871787724084168,0.006974116726492825
15.0,85.0,0.0,0,0.014380212529188311,0.00658697479236092
15.0,95.0,0.0,0,0.014878086947934932,0.006152271680478473
15.0,105.0,0.0,0,0.015359196740682396,0.005669596386725468
15.0,115.0,0.0,0,0.015816809712487806,0.0051394689698636585
15.0,125.0,0.0,0,0.016243829478810343,0.004563469305534128
15.0,135.0,0.0,0,0.016632999899483622,0.003944332442907136
15.0,145.0,0.0,0,0.01697715536443399,0.0032859964283434725
15.0,155.0,0.0,0,0.01726950603253382,0.002593590244450461
15.0,165.0,0.0,0,0.017503940974744024,0.001873353384347894
15.0,175.0,0.0,0,0.017675327017269152,0.001132484395090877
15.0,185.0,0.0,0,0.01777977806590126,0.00037892289493958854
15.0,195.0,0.0,0,0.017814869774081043,-0.00037892289493958854
15.0,205.0,0.0,0,0.01777977806590126,-0.001132484395090877
15.0,215.0,0.0,0,0.017675327017269152,-0.001873353384347894
15.0,225.0,0.0,0,0.017503940974744024,-0.002593590244450461
15.0,235.0,0.0,0,0.01726950603253382,-0.0032859964283434725
15.0,245.0,0.0,0,0.01697715536443399,-0.003944332442907136
15.0,255.0,0.0,0,0.016632999899483622,-0.004563469305534128
15.0,265.0,0.0,0,0.016243829478810343,-0.0051394689698636585
15.0,275.0,0.0,0,0.015816809712487806,-0.005669596386725468
15.0,285.0,0.0,0,0.015359196740682396,-0.006152271680478473
15.0,295.0,0.0,0,0.014878086947934932,-0.00658697479236092
15.0,305.0,0.0,0,0.014380212529188311,-0.006974116726492825
15.0,315.0,0.0,0,0.013871787724084168,-0.0073148914544923106
15.0,325.0,0.0,0,0.01335840531521217,-0.007611121048242661
15.0,335.0,0.0,0,0.01284497907437882,-0.007865104260984721
15.0,345.0,0.0,0,0.012335725362268596,-0.008079476076052137
15.0,355.0,0.0,0,0.011834175920928332,-0.00825708309503093
15.0,365.0,0.0,0,0.011343213781884198,-0.008400877312481653
15.0,375.0,0.0,0,0.010865124830134057,-0.008513828962640323
15.0,385.0,0.0,0,0.010401658615168754,-0.00859885776120347
25.0,5.0,0.0,0,0.0,0.008977506374138867
25.0,15.0,0.0,0,0.010963375170228013,0.008879256034044866
25.0,25.0,0.0,0,0.011474045315863908,0.008748424500065157
25.0,35.0,0.0,0,0.012001095862630975,0.008581504558362558
25.0,45.0,0.0,0,0.01254228435870761,0.008374945561923502
25.0,55.0,0.0,0,0.013094675016541699,0.008125249619760622
25.0,65.0,0.0,0,0.013654561638998836,0.007829093295973956
25.0,75.0,0.0,0,0.014217405794274227,0.007483475225783897
25.0,85.0,0.0,0,0.014777799985005868,0.0070858877699663605
25.0,95.0,0.0,0,0.015329466944209646,0.006634507773691534
25.0,105.0,0.0,0,0.015865306723347794,0.006128397791026292
25.0,115.0,0.0,0,0.016377502404309942,0.005567705099204066
25.0,125.0,0.0,0,0.016857692574679096,0.004953842003335401
25.0,135.0,0.0,0,0.017297213821950135,0.004289628080868864
25.0,145.0,0.0,0,0.017687409431401187,0.0035793740139016352
25.0,155.0,0.0,0,0.018019991721409494,0.0028288883250259514
25.0,165.0,0.0,0,0.018287436117659307,0.0020453931821106403
25.0,175.0,0.0,0,0.01848337677578244,0.001237343423597354
25.0,185.0,0.0,0,0.01860296818411161,0.0004141533053870166
25.0,195.0,0.0,0,0.018643176384855097,-0.0004141533053870166
25.0,205.0,0.0,0,0.01860296818411161,-0.001237343423597354
25.0,215.0,0.0,0,0.01848337677578244,-0.0020453931821106403
25.0,225.0,0.0,0,0.018287436117659307,-0.0028288883250259514
25.0,235.0,0.0,0,0.018019991721409494,-0.0035793740139016352
25.0,245.0,0.0,0,0.017687409431401187,-0.004289628080868864
25.0,255.0,0.0,0,0.017297213821950135,-0.004953842003335401
25.0,265.0,0.0,0,0.016857692574679096,-0.005567705099204066
25.0,275.0,0.0,0,0.016377502404309942,-0.006128397791026292
25.0,285.0,0.0,0,0.015865306723347794,-0.006634507773691534
25.0,295.0,0.0,0,0.015329466944209646,-0.0070858877699663605
25.0,305.0,0.0,0,0.014777799985005868,-0.007483475225783897
25.0,315.0,0.0,0,0.014217405794274227,-0.007829093295973956
25.0,325.0,0.0,0,0.013654561638998836,-0.008125249619760622
25.0,335.0,0.0,0,0.013094675016541699,-0.008374945561923502
25.0,345.0,0.0,0,0.01254228435870761,-0.008581504558362558
25.0,355.0,0.0,0,0.012001095862630975,-0.008748424500065157
25.0,365.0,0.0,0,0.011474045315863908,-0.008879256034044866
25.0,375.0,0.0,0,0.010963375170228013,-0.008977506374138867
25.0,385.0,0.0,0,0.010470718919039779,-0.009046566678009803
35.0,5.0,0.0,0,0.0,0.009470345344127029
35.0,15.0,0.0,0,0.01104352448519789,0.009390196029157197
35.0,25.0,0.0,0,0.011588394929963582,0.009275846415057524
35.0,35.0,0.0,0,0.012153762105730426,0.009123180171958073
35.0,45.0,0.0,0,0.012737512377454846,0.008927952153210881
35.0,55.0,0.0,0,0.013336735601321204,0.008685891568431333
35.0,65.0,0.0,0,0.013947614585323018,0.00839283862210715
35.0,75.0,0.0,0,0.014565327536198627,0.008044916880182685
35.0,85.0,0.0,0,0.015183975917307399,0.0076387409478811535
35.0,95.0,0.0,0,0.01579655274689084,0.007171655145200094
35.0,105.0,0.0,0,0.016394968074636706,0.006641993793911045
35.0,115.0,0.0,0,0.016970148389939967,0.006049347808281132
35.0,125.0,0.0,0,0.0175122241721525,0.005394816210807641
35.0,135.0,0.0,0,0.018010813963142944,0.004681216069614877
35.0,145.0,0.0,0,0.018455403931004737,0.003913221570011339
35.0,155.0,0.0,0,0.018835809365797127,0.0030974039256236956
35.0,165.0,0.0,0,0.019142690366165695,0.002242149677117284
35.0,175.0,0.0,0,0.0193680805946781,0.0013574458582216427
35.0,185.0,0.0,0,0.019505878474932705,0.0004545355674005374
35.0,195.0,0.0,0,0.019552247519656205,-0.0004545355674005374
35.0,205.0,0.0,0,0.019505878474932705,-0.0013574458582216427
35.0,215.0,0.0,0,0.0193680805946781,-0.002242149677117284
35.0,225.0,0.0,0,0.019142690366165695,-0.0030974039256236956
35.0,235.0,0.0,0,0.018835809365797127,-0.003913221570011339
35.0,245.0,0.0,0,0.018455403931004737,-0.004681216069614877
35.0,255.0,0.0,0,0.018010813963142944,-0.005394816210807641
35.0,265.0,0.0,0,0.0175122241721525,-0.006049347808281132
35.0,275.0,0.0,0,0.016970148389939967,-0.006641993793911045
35.0,285.0,0.0,0,0.016394968074636706,-0.007171655145200094
35.0,295.0,0.0,0,0.01579655274689084,-0.0076387409478811535
35.0,305.0,0.0,0,0.015183975917307399,-0.008044916880182685
35.0,315.0,0.0,0,0.014565327536198627,-0.00839283862210715
35.0,325.0,0.0,0,0.013947614585323018,-0.008685891568431333
35.0,335.0,0.0,0,0.013336735601321204,-0.008927952153210881
35.0,345.0,0.0,0,0.012737512377454846,-0.009123180171958073
35.0,355.0,0.0,0,0.012153762105730426,-0.009275846415057524
35.0,365.0,0.0,0,0.011588394929963582,-0.009390196029157197
35.0,375.0,0.0,0,0.01104352448519789,-0.009470345344127029
35.0,385.0,0.0,0,0.010520581879591524,-0.009520208304678819
45.0,5.0,0.0,0,0.0,0.009993428281729905
45.0,15.0,0.0,0,0.011101650869327512,0.009935301897600283
45.0,25.0,0.0,0,0.011682134163768893,0.009841562663794927
45.0,35.0,0.0,0,0.012287912419587262,0.009707412349938091
45.0,45.0,0.0,0,0.012917115923304138,0.009527808804088756
45.0,55.0,0.0,0,0.013566972300069865,0.009297572105340136
45.0,65.0,0.0,0,0.014233652993438862,0.009011533697224338
45.0,75.0,0.0,0,0.014912127519677215,0.008664733713745704
45.0,85.0,0.0,0,0.01559604084084135,0.00825266879021173
45.0,95.0,0.0,0,0.01627763364772801,0.007771587889374519
45.0,105.0,0.0,0,0.016947729041782805,0.007218826922228534
45.0,115.0,0.0,0,0.01759581086970687,0.006593164442461547
45.0,125.0,0.0,0,0.018210217349946767,0.005895171264667322
45.0,135.0,0.0,0,0.018778467206422844,0.005127518021387423
45.0,145.0,0.0,0,0.019287723351992796,0.004295198600399365
45.0,155.0,0.0,0,0.019725381399991533,0.0034056265662049945
45.0,165.0,0.0,0,0.020079748733892157,0.0024685681984785027
45.0,175.0,0.0,0,0.020340758189888567,0.0014958906032680318
45.0,185.0,0.0,0,0.020500643661416733,0.000501125416784022
45.0,195.0,0.0,0,0.020554498353224225,-0.000501125416784022
45.0,205.0,0.0,0,0.020500643661416733,-0.0014958906032680318
45.0,215.0,0.0,0,0.020340758189888567,-0.0024685681984785027
45.0,225.0,0.0,0,0.020079748733892157,-0.0034056265662049945
45.0,235.0,0.0,0,0.019725381399991533,-0.004295198600399365
45.0,245.0,0.0,0,0.019287723351992796,-0.005127518021387423
45.0,255.0,0.0,0,0.018778467206422844,-0.005895171264667322
45.0,265.0,0.0,0,0.018210217349946767,-0.006593164442461547
45.0,275.0,0.0,0,0.01759581086970687,-0.007218826922228534
45.0,285.0,0.0,0,0.016947729041782805,-0.007771587889374519
45.0,295.0,0.0,0,0.01627763364772801,-0.00825266879021173
45.0,305.0,0.0,0,0.01559604084084135,-0.008664733713745704
45.0,315.0,0.0,0,0.014912127519677215,-0.009011533697224338
45.0,325.0,0.0,0,0.014233652993438862,-0.009297572105340136
45.0,335.0,0.0,0,0.013566972300069865,-0.009527808804088756
45.0,345.0,0.0,0,0.012917115923304138,-0.009707412349938091
45.0,355.0,0.0,0,0.012287912419587262,-0.009841562663794927
45.0,365.0,0.0,0,0.011682134163768893,-0.009935301897600283
45.0,375.0,0.0,0,0.011101650869327512,-0.009993428281729905
45.0,385.0,0.0,0,0.01054757991259812,-0.010020426314736501
55.0,5.0,0.0,0,0.0,0.01054757991259812
55.0,15.0,0.0,0,0.011133263268357497,0.010515967513568135
55.0,25.0,0.0,0,0.011750453349191094,0.010447648328145934
55.0,35.0,0.0,0,0.012398487149906075,0.010337073597827122
55.0,45.0,0.0,0,0.013075890372005235,0.010178299149126022
55.0,55.0,0.0,0,0.013780183741634953,0.009965087707560934
55.0,65.0,0.0,0,0.014507675637178799,0.009691065063821
55.0,75.0,0.0,0,0.015253252828762299,0.009349939754735916
55.0,85.0,0.0,0,0.016010187461273494,0.008935793134303859
55.0,95.0,0.0,0,0.016769985518856088,0.008443441263175781
55.0,105.0,0.0,0,0.017522308895845384,0.007868861409113066
55.0,115.0,0.0,0,0.01825500820415169,0.007209664074668264
55.0,125.0,0.0,0,0.01895430427182442,0.0064655771527906344
55.0,135.0,0.0,0,0.019605150316030755,0.005638894043182676
55.0,145.0,0.0,0,0.02019179178245439,0.004734825612721116
55.0,155.0,0.0,0,0.020698516078377586,0.00376169093433506
55.0,165.0,0.0,0,0.021110551784167673,0.002730887884059529
55.0,175.0,0.0,0,0.02141504169206568,0.0016566043818824795
55.0,185.0,0.0,0,0.021601984489455484,0.0005552635538436915
55.0,195.0,0.0,0,0.021665025460911605,-0.0005552635538436915
55.0,205.0,0.0,0,0.021601984489455484,-0.0016566043818824795
55.0,215.0,0.0,0,0.02141504169206568,-0.002730887884059529
55.0,225.0,0.0,0,0.021110551784167673,-0.00376169093433506
55.0,235.0,0.0,0,0.020698516078377586,-0.004734825612721116
55.0,245.0,0.0,0,0.02019179178245439,-0.005638894043182676
55.0,255.0,0.0,0,0.019605150316030755,-0.0064655771527906344
55.0,265.0,0.0,0,0.01895430427182442,-0.007209664074668264
55.0,275.0,0.0,0,0.01825500820415169,-0.007868861409113066
55.0,285.0,0.0,0,0.017522308895845384,-0.008443441263175781
55.0,295.0,0.0,0,0.016769985518856088,-0.008935793134303859
55.0,305.0,0.0,0,0.016010187461273494,-0.009349939754735916
55.0,315.0,0.0,0,0.015253252828762299,-0.009691065063821
55.0,325.0,0.0,0,0.014507675637178799,-0.009965087707560934
55.0,335.0,0.0,0,0.013780183741634953,-0.010178299149126022
55.0,345.0,0.0,0,0.013075890372005235,-0.010337073597827122
55.0,355.0,0.0,0,0.012398487149906075,-0.010447648328145934
55.0,365.0,0.0,0,0.011750453349191094,-0.010515967513568135
55.0,375.0,0.0,0,0.011133263268357497,-0.01054757991259812
55.0,385.0,0.0,0,0.01054757991259812,-0.01054757991259812
65.0,5.0,0.0,0,0.0,0.011133263268357497
65.0,15.0,0.0,0,0.011133263268357497,0.011133263268357497
65.0,25.0,0.0,0,0.011787794184312295,0.01109592243323625
65.0,35.0,0.0,0,0.012479525368573855,0.01101488421456847
65.0,45.0,0.0,0,0.013207572699449204,0.010883201887124546
65.0,55.0,0.0,0,0.013969959307523646,0.010693426321235853
65.0,65.0,0.0,0,0.014763342764129463,0.010437759194285186
65.0,75.0,0.0,0,0.015582724319206352,0.010108287703841133
65.0,85.0,0.0,0,0.016421160238993062,0.009697314926121475
65.0,95.0,0.0,0,0.01726950603253382,0.009197794412443828
65.0,105.0,0.0,0,0.01811623609579789,0.00860386721249132
65.0,115.0,0.0,0,0.018947391895563565,0.007911483521079515
65.0,125.0,0.0,0,0.019746717813512397,0.007119069979391428
65.0,135.0,0.0,0,0.020496040661925237,0.00622817963349699
65.0,145.0,0.0,0,0.021175932038919775,0.0052440393770315915
65.0,155.0,0.0,0,0.021766659174065044,0.0041758962813441425
65.0,165.0,0.0,0,0.022249380845927855,0.0030370672195839856
65.0,175.0,0.0,0,0.022607487532486502,0.0018446213791631309
65.0,185.0,0.0,0,0.022827932683461123,0.0006186731851575184
65.0,195.0,0.0,0,0.022902371831226592,-0.0006186731851575184
65.0,205.0,0.0,0,0.022827932683461123,-0.0018446213791631309
65.0,215.0,0.0,0,0.022607487532486502,-0.0030370672195839856
65.0,225.0,0.0,0,0.022249380845927855,-0.0041758962813441425
65.0,235.0,0.0,0,0.021766659174065044,-0.0052440393770315915
65.0,245.0,0.0,0,0.021175932038919775,-0.00622817963349699
65.0,255.0,0.0,0,0.020496040661925237,-0.007119069979391428
65.0,265.0,0.0,0,0.019746717813512397,-0.007911483521079515
65.0,275.0,0.0,0,0.018947391895563565,-0.00860386721249132
65.0,285.0,0.0,0,0.01811623609579789,-0.009197794412443828
65.0,295.0,0.0,0,0.01726950603253382,-0.009697314926121475
65.0,305.0,0.0,0,0.016421160238993062,-0.010108287703841133
65.0,315.0,0.0,0,0.015582724319206352,-0.010437759194285186
65.0,325.0,0.0,0,0.014763342764129463,-0.010693426321235853
65.0,335.0,0.0,0,0.013969959307523646,-0.010883201887124546
65.0,345.0,0.0,0,0.013207572699449204,-0.01101488421456847
65.0,355.0,0.0,0,0.012479525368573855,-0.01109592243323625
65.0,365.0,0.0,0,0.011787794184312295,-0.011133263268357497
65.0,375.0,0.0,0,0.011133263268357497,-0.011133263268357497
65.0,385.0,0.0,0,0.010515967513568135,-0.011101650869327512
75.0,5.0,0.0,0,0.0,0.011750453349191094
75.0,15.0,0.0,0,0.01109592243323625,0.011787794184312295
75.0,25.0,0.0,0,0.011787794184312339,0.011787794184312339
75.0,35.0,0.0,0,0.012524066161349986,0.01174325339153621
75.0,45.0,0.0,0,0.013304688698479459,0.011646137392505912
75.0,55.0,0.0,0,0.014128461967148806,0.011487634732880754
75.0,65.0,0.0,0,0.014992686775282375,0.011258290721727841
75.0,75.0,0.0,0,0.015892772612950072,0.010948242427984124
75.0,85.0,0.0,0,0.016821822754379066,0.010547579912598165
75.0,95.0,0.0,0,0.017770231564760552,0.010046854380371324
75.0,105.0,0.0,0,0.018725347862755256,0.00943774261341407
75.0,115.0,0.0,0,0.0196712778503641,0.008713856658613493
75.0,125.0,0.0,0,0.020588916958706703,0.007871657513419276
75.0,135.0,0.0,0,0.021456304645601294,0.006911393529743156
75.0,145.0,0.0,0,0.022249380845927855,0.005837944722735078
75.0,155.0,0.0,0,0.02294317976487719,0.004661424131922967
75.0,165.0,0.0,0,0.02351342408554562,0.003397380892305145
75.0,175.0,0.0,0,0.02393838908663314,0.002066479338158545
75.0,185.0,0.0,0,0.024200813159629405,0.0006935988619902345
75.0,195.0,0.0,0,0.024289569555207054,-0.0006935988619902345
75.0,205.0,0.0,0,0.024200813159629405,-0.002066479338158545
75.0,215.0,0.0,0,0.02393838908663314,-0.003397380892305145
75.0,225.0,0.0,0,0.02351342408554562,-0.004661424131922967
75.0,235.0,0.0,0,0.02294317976487719,-0.005837944722735078
75.0,245.0,0.0,0,0.022249380845927855,-0.006911393529743156
75.0,255.0,0.0,0,0.021456304645601294,-0.007871657513419276
75.0,265.0,0.0,0,0.020588916958706703,-0.008713856658613493
75.0,275.0,0.0,0,0.0196712778503641,-0.00943774261341407
75.0,285.0,0.0,0,0.018725347862755256,-0.010046854380371324
75.0,295.0,0.0,0,0.017770231564760552,-0.010547579912598165
75.0,305.0,0.0,0,0.016821822754379066,-0.010948242427984124
75.0,315.0,0.0,0,0.015892772612950072,-0.011258290721727841
75.0,325.0,0.0,0,0.014992686775282375,-0.011487634732880754
75.0,335.0,0.0,0,0.014128461967148806,-0.011646137392505912
75.0,345.0,0.0,0,0.013304688698479459,-0.01174325339153621
75.0,355.0,0.0,0,0.012524066161349986,-0.011787794184312339
75.0,365.0,0.0,0,0.011787794184312339,-0.011787794184312295
75.0,375.0,0.0,0,0.01109592243323625,-0.011750453349191094
75.0,385.0,0.0,0,0.010447648328145934,-0.011682134163768893
85.0,5.0,0.0,0,0.0,0.012398487149906075
85.0,15.0,0.0,0,0.01101488421456847,0.012479525368573855
85.0,25.0,0.0,0,0.01174325339153621,0.012524066161349986
85.0,35.0,0.0,0,0.012524066161349986,0.012524066161349986
85.0,45.0,0.0,0,0.01335840531521217,0.01247034954461732
85.0,55.0,0.0,0,0.014246198581587955,0.01235261293017817
85.0,65.0,0.0,0,0.015185785143455713,0.012159514562004788
85.0,75.0,0.0,0,0.016173403385159806,0.011878883789795052
85.0,85.0,0.0,0,0.017202615218428606,0.011498091325745466
85.0,95.0,0.0,0,0.018263702846558153,0.011004620043947911
85.0,105.0,0.0,0,0.019343101772719452,0.010386866133983718
85.0,115.0,0.0,0,0.020422967321336128,0.009635176663011665
85.0,125.0,0.0,0,0.021481005088700517,0.008743088533017782
85.0,135.0,0.0,0,0.02249071755334365,0.007708675625275448
85.0,145.0,0.0,0,0.023422213690838578,0.00653584278036477
85.0,155.0,0.0,0,0.02424367876141521,0.005235343783826717
85.0,165.0,0.0,0,0.024923497109515108,0.003825270759857287
85.0,175.0,0.0,0,0.025432869002109188,0.0023307908443811923
85.0,185.0,0.0,0,0.025748596128113876,0.0007830078758966821
85.0,195.0,0.0,0,0.025855585307000585,-0.0007830078758966821
85.0,205.0,0.0,0,0.025748596128113876,-0.0023307908443811923
85.0,215.0,0.0,0,0.025432869002109188,-0.003825270759857287
85.0,225.0,0.0,0,0.024923497109515108,-0.005235343783826717
85.0,235.0,0.0,0,0.02424367876141521,-0.00653584278036477
85.0,245.0,0.0,0,0.023422213690838578,-0.007708675625275448
85.0,255.0,0.0,0,0.02249071755334365,-0.008743088533017782
85.0,265.0,0.0,0,0.021481005088700517,-0.009635176663011665
85.0,275.0,0.0,0,0.020422967321336128,-0.010386866133983718
85.0,285.0,0.0,0,0.019343101772719452,-0.011004620043947911
85.0,295.0,0.0,0,0.018263702846558153,-0.011498091325745466
85.0,305.0,0.0,0,0.017202615218428606,-0.011878883789795052
85.0,315.0,0.0,0,0.016173403385159806,-0.012159514562004788
85.0,325.0,0.0,0,0.015185785143455713,-0.01235261293017817
85.0,335.0,0.0,0,0.014246198581587955,-0.01247034954461732
85.0,345.0,0.0,0,0.01335840531521217,-0.012524066161349986
85.0,355.0,0.0,0,0.012524066161349986,-0.012524066161349986
85.0,365.0,0.0,0,0.01174325339153621,-0.012479525368573855
85.0,375.0,0.0,0,0.01101488421456847,-0.012398487149906075
85.0,385.0,0.0,0,0.010337073597827122,-0.012287912419587262
95.0,5.0,0.0,0,0.0,0.013075890372005235
95.0,15.0,0.0,0,0.010883201887124546,0.013207572699449204
95.0,25.0,0.0,0,0.011646137392505912,0.013304688698479459
95.0,35.0,0.0,0,0.01247034954461732,0.01335840531521217
95.0,45.0,0.0,0,0.01335840531521217,0.01335840531521217
95.0,55.0,0.0,0,0.014311793630248607,0.013292810266551472
95.0,65.0,0.0,0,0.015330406658738036,0.013148188751269194
95.0,75.0,0.0,0,0.016411893112118447,0.012909699024310554
95.0,85.0,0.0,0,0.017550887236967298,0.01256142700577186
95.0,95.0,0.0,0,0.018738142259519426,0.012086987592810631
95.0,105.0,0.0,0,0.019959635869683138,0.011470453495846899
95.0,115.0,0.0,0,0.021195768180424745,0.010697652636758237
95.0,125.0,0.0,0,0.022420834077099692,0.009757823648359174
95.0,135.0,0.0,0,0.02360300724571776,0.008645533955985083
95.0,145.0,0.0,0,0.024705096178591394,0.007362651468232224
95.0,155.0,0.0,0,0.025686288432909266,0.0059200417967381
95.0,165.0,0.0,0,0.026504957831888238,0.00433858107436499
95.0,175.0,0.0,0,0.027122366107461382,0.0026490839690128175
95.0,185.0,0.0,0,0.027506791469765018,0.0008908886273616967
95.0,195.0,0.0,0,0.027637362561723895,-0.0008908886273616967
95.0,205.0,0.0,0,0.027506791469765018,-0.0026490839690128175
95.0,215.0,0.0,0,0.027122366107461382,-0.00433858107436499
95.0,225.0,0.0,0,0.026504957831888238,-0.0059200417967381
95.0,235.0,0.0,0,0.025686288432909266,-0.007362651468232224
95.0,245.0,0.0,0,0.024705096178591394,-0.008645533955985083
95.0,255.0,0.0,0,0.02360300724571776,-0.009757823648359174
95.0,265.0,0.0,0,0.022420834077099692,-0.010697652636758237
95.0,275.0,0.0,0,0.021195768180424745,-0.011470453495846899
95.0,285.0,0.0,0,0.019959635869683138,-0.012086987592810631
95.0,295.0,0.0,0,0.018738142259519426,-0.01256142700577186
95.0,305.0,0.0,0,0.017550887236967298,-0.012909699024310554
95.0,315.0,0.0,0,0.016411893112118447,-0.013148188751269194
95.0,325.0,0.0,0,0.015330406658738036,-0.013292810266551472
95.0,335.0,0.0,0,0.014311793630248607,-0.01335840531521217
95.0,345.0,0.0,0,0.01335840531521217,-0.01335840531521217
95.0,355.0,0.0,0,0.01247034954461732,-0.013304688698479459
95.0,365.0,0.0,0,0.011646137392505912,-0.013207572699449204
95.0,375.0,0.0,0,0.010883201887124546,-0.013075890372005235
95.0,385.0,0.0,0,0.010178299149126022,-0.012917115923304138
105.0,5.0,0.0,0,0.0,0.013780183741634953
105.0,15.0,0.0,0,0.010693426321235853,0.013969959307523646
105.0,25.0,0.0,0,0.011487634732880754,0.014128461967148806
105.0,35.0,0.0,0,0.01235261293017817,0.014246198581587955
105.0,45.0,0.0,0,0.013292810266551472,0.014311793630248607
105.0,55.0,0.0,0,0.014311793630248652,0.014311793630248652
105.0,65.0,0.0,0,0.015411655184195933,0.014230545104790712
105.0,75.0,0.0,0,0.016592229374003484,0.014050208842905676
105.0,85.0,0.0,0,0.017850100184528518,0.013750995895344453
105.0,95.0,0.0,0,0.01917740616643649,0.013311731988427347
105.0,105.0,0.0,0,0.02056049966369369,0.012710868194416794
105.0,115.0,0.0,0,0.021978593624541933,0.011928042750299671
105.0,125.0,0.0,0,0.023402633449716673,0.010946243377682624
105.0,135.0,0.0,0,0.02479474691112885,0.00975450371227156
105.0,145.0,0.0,0,0.026108713293532093,0.00835088659733086
105.0,155.0,0.0,0,0.027291889028687583,0.0067452860015525685
105.0,165.0,0.0,0,0.02828885676293478,0.004961387070506032
105.0,175.0,0.0,0,0.029046685958383445,0.0030370672195839856
105.0,185.0,0.0,0,0.029521155442957997,0.001022703246391031
105.0,195.0,0.0,0,0.02968276905450588,-0.001022703246391031
105.0,205.0,0.0,0,0.029521155442957997,-0.0030370672195839856
105.0,215.0,0.0,0,0.029046685958383445,-0.004961387070506032
105.0,225.0,0.0,0,0.02828885676293478,-0.0067452860015525685
105.0,235.0,0.0,0,0.027291889028687583,-0.00835088659733086
105.0,245.0,0.0,0,0.026108713293532093,-0.00975450371227156
105.0,255.0,0.0,0,0.02479474691112885,-0.010946243377682624
105.0,265.0,0.0,0,0.023402633449716673,-0.011928042750299671
105.0,275.0,0.0,0,0.021978593624541933,-0.012710868194416794
105.0,285.0,0.0,0,0.02056049966369369,-0.013311731988427347
105.0,295.0,0.0,0,0.01917740616643649,-0.013750995895344453
105.0,305.0,0.0,0,0.017850100184528518,-0.014050208842905676
105.0,315.0,0.0,0,0.016592229374003484,-0.014230545104790712
105.0,325.0,0.0,0,0.015411655184195933,-0.014311793630248652
105.0,335.0,0.0,0,0.014311793630248652,-0.014311793630248607
105.0,345.0,0.0,0,0.013292810266551472,-0.014246198581587955
105.0,355.0,0.0,0,0.01235261293017817,-0.014128461967148806
105.0,365.0,0.0,0,0.011487634732880754,-0.013969959307523646
105.0,375.0,0.0,0,0.010693426321235853,-0.013780183741634953
105.0,385.0,0.0,0,0.009965087707560934,-0.013566972300069865
115.0,5.0,0.0,0,0.0,0.014507675637178799
115.0,15.0,0.0,0,0.010437759194285186,0.014763342764129463
115.0,25.0,0.0,0,0.011258290721727841,0.014992686775282375
115.0,35.0,0.0,0,0.012159514562004788,0.015185785143455713
115.0,45.0,0.0,0,0.013148188751269194,0.015330406658738036
115.0,55.0,0.0,0,0.014230545104790712,0.015411655184195933
115.0,65.0,0.0,0,0.015411655184195933,0.015411655184195933
115.0,75.0,0.0,0,0.01669453254045383,0.015309352017745631
115.0,85.0,0.0,0,0.01807891446682401,0.01508053773545014
115.0,95.0,0.0,0,0.019559687016617398,0.01469825688526919
115.0,105.0,0.0,0,0.021124969512017013,0.014133787036945863
115.0,115.0,0.0,0,0.022753975346275632,0.01335840531521217
115.0,125.0,0.0,0,0.024414926520527416,0.012346112244401448
115.0,135.0,0.0,0,0.02606351339043375,0.011077345765096457
115.0,145.0,0.0,0,0.02764261115324953,0.009543447905379084
115.0,155.0,0.0,0,0.029084082524794358,0.0077512544092723495
115.0,165.0,0.0,0,0.030313350123312682,0.0057267610488944
115.0,175.0,0.0,0,0.03125686577886466,0.0035165812284131273
115.0,185.0,0.0,0,0.0318516438532785,0.001186092818092604
115.0,195.0,0.0,0,0.03205495469069124,-0.001186092818092604
115.0,205.0,0.0,0,0.0318516438532785,-0.0035165812284131273
115.0,215.0,0.0,0,0.03125686577886466,-0.0057267610488944
115.0,225.0,0.0,0,0.030313350123312682,-0.0077512544092723495
115.0,235.0,0.0,0,0.029084082524794358,-0.009543447905379084
115.0,245.0,0.0,0,0.02764261115324953,-0.011077345765096457
115.0,255.0,0.0,0,0.02606351339043375,-0.012346112244401448
115.0,265.0,0.0,0,0.024414926520527416,-0.01335840531521217
115.0,275.0,0.0,0,0.022753975346275632,-0.014133787036945863
115.0,285.0,0.0,0,0.021124969512017013,-0.01469825688526919
115.0,295.0,0.0,0,0.019559687016617398,-0.01508053773545014
115.0,305.0,0.0,0,0.01807891446682401,-0.015309352017745631
115.0,315.0,0.0,0,0.01669453254045383,-0.015411655184195933
115.0,325.0,0.0,0,0.015411655184195933,-0.015411655184195933
115.0,335.0,0.0,0,0.014230545104790712,-0.015330406658738036
115.0,345.0,0.0,0,0.013148188751269194,-0.015185785143455713
115.0,355.0,0.0,0,0.012159514562004788,-0.014992686775282375
115.0,365.0,0.0,0,0.011258290721727841,-0.014763342764129463
115.0,375.0,0.0,0,0.010437759194285186,-0.014507675637178799
115.0,385.0,0.0,0,0.009691065063821,-0.014233652993438862
125.0,5.0,0.0,0,0.0,0.015253252828762299
125.0,15.0,0.0,0,0.010108287703841133,0.015582724319206352
125.0,25.0,0.0,0,0.010948242427984124,0.015892772612950072
125.0,35.0,0.0,0,0.011878883789795052,0.016173403385159806
125.0,45.0,0.0,0,0.012909699024310554,0.016411893112118447
125.0,55.0,0.0,0,0.014050208842905676,0.016592229374003484
125.0,65.0,0.0,0,0.015309352017745631,0.01669453254045383
125.0,75.0,0.0,0,0.01669453254045383,0.01669453254045383
125.0,85.0,0.0,0,0.018210217349946746,0.016563229657331053
125.0,95.0,0.0,0,0.019855973208468894,0.01626694346547964
125.0,105.0,0.0,0,0.02162387017073545,0.015768042806761164
125.0,115.0,0.0,0,0.02349528895927137,0.015026729193765423
125.0,125.0,0.0,0,0.0254373895275924,0.014004266186700504
125.0,135.0,0.0,0,0.027399853893034825,0.01266792568409943
125.0,145.0,0.0,0,0.029312976548399976,0.010997560288948941
125.0,155.0,0.0,0,0.031088588106926125,0.008993054706817199
125.0,165.0,0.0,0,0.03262534769689134,0.006681057133238527
125.0,175.0,0.0,0,0.0338192266363961,0.004118696275707044
125.0,185.0,0.0,0,0.03457832995151448,0.0013920101774710634
125.0,195.0,0.0,0,0.034838975045633366,-0.0013920101774710634
125.0,205.0,0.0,0,0.03457832995151448,-0.004118696275707044
125.0,215.0,0.0,0,0.0338192266363961,-0.006681057133238527
125.0,225.0,0.0,0,0.03262534769689134,-0.008993054706817199
125.0,235.0,0.0,0,0.031088588106926125,-0.010997560288948941
125.0,245.0,0.0,0,0.029312976548399976,-0.01266792568409943
125.0,255.0,0.0,0,0.027399853893034825,-0.014004266186700504
125.0,265.0,0.0,0,0.0254373895275924,-0.015026729193765423
125.0,275.0,0.0,0,0.02349528895927137,-0.015768042806761164
125.0,285.0,0.0,0,0.02162387017073545,-0.01626694346547964
125.0,295.0,0.0,0,0.019855973208468894,-0.016563229657331053
125.0,305.0,0.0,0,0.018210217349946746,-0.01669453254045383
125.0,315.0,0.0,0,0.01669453254045383,-0.01669453254045383
125.0,325.0,0.0,0,0.015309352017745631,-0.016592229374003484
125.0,335.0,0.0,0,0.014050208842905676,-0.016411893112118447
125.0,345.0,0.0,0,0.012909699024310554,-0.016173403385159806
125.0,355.0,0.0,0,0.011878883789795052,-0.015892772612950072
125.0,365.0,0.0,0,0.010948242427984124,-0.015582724319206352
125.0,375.0,0.0,0,0.010108287703841133,-0.015253252828762299
125.0,385.0,0.0,0,0.009349939754735916,-0.014912127519677215
135.0,5.0,0.0,0,0.0,0.016010187461273494
135.0,15.0,0.0,0,0.009697314926121475,0.016421160238993062
135.0,25.0,0.0,0,0.010547579912598165,0.016821822754379066
135.0,35.0,0.0,0,0.011498091325745466,0.017202615218428606
135.0,45.0,0.0,0,0.01256142700577186,0.017550887236967298
135.0,55.0,0.0,0,0.013750995895344453,0.017850100184528518
135.0,65.0,0.0,0,0.01508053773545014,0.01807891446682401
135.0,75.0,0.0,0,0.016563229657331053,0.018210217349946746
135.0,85.0,0.0,0,0.018210217349946788,0.018210217349946788
135.0,95.0,0.0,0,0.020028347933836656,0.018037842624578936
135.0,105.0,0.0,0,0.022016873670471317,0.017644839124843114
135.0,115.0,0.0,0,0.024162972719680494,0.01697715536443404
135.0,125.0,0.0,0,0.0264361794589953,0.01597836543303096
135.0,135.0,0.0,0,0.028782334181615944,0.014595885144449972
135.0,145.0,0.0,0,0.03111850494148345,0.012790356751366496
135.0,155.0,0.0,0,0.033331364945694504,0.010547579912598077
135.0,165.0,0.0,0,0.035282203767454653,0.00789072384203483
135.0,175.0,0.0,0,0.036821161821201154,0.00488878865722977
135.0,185.0,0.0,0,0.037810514226861804,0.0016566043818824795
135.0,195.0,0.0,0,0.03815218380939824,-0.0016566043818824795
135.0,205.0,0.0,0,0.037810514226861804,-0.00488878865722977
135.0,215.0,0.0,0,0.036821161821201154,-0.00789072384203483
135.0,225.0,0.0,0,0.035282203767454653,-0.010547579912598077
135.0,235.0,0.0,0,0.033331364945694504,-0.012790356751366496
135.0,245.0,0.0,0,0.03111850494148345,-0.014595885144449972
135.0,255.0,0.0,0,0.028782334181615944,-0.01597836543303096
135.0,265.0,0.0,0,0.0264361794589953,-0.01697715536443404
135.0,275.0,0.0,0,0.024162972719680494,-0.017644839124843114
135.0,285.0,0.0,0,0.022016873670471317,-0.018037842624578936
135.0,295.0,0.0,0,0.020028347933836656,-0.018210217349946788
135.0,305.0,0.0,0,0.018210217349946788,-0.018210217349946746
135.0,315.0,0.0,0,0.016563229657331053,-0.01807891446682401
135.0,325.0,0.0,0,0.01508053773545014,-0.017850100184528518
135.0,335.0,0.0,0,0.013750995895344453,-0.017550887236967298
135.0,345.0,0.0,0,0.01256142700577186,-0.017202615218428606
135.0,355.0,0.0,0,0.011498091325745466,-0.016821822754379066
135.0,365.0,0.0,0,0.010547579912598165,-0.016421160238993062
135.0,375.0,0.0,0,0.009697314926121475,-0.016010187461273494
135.0,385.0,0.0,0,0.008935793134303859,-0.01559604084084135
145.0,5.0,0.0,0,0.0,0.016769985518856088
145.0,15.0,0.0,0,0.009197794412443828,0.01726950603253382
145.0,25.0,0.0,0,0.010046854380371324,0.017770231564760552
145.0,35.0,0.0,0,0.011004620043947911,0.018263702846558153
145.0,45.0,0.0,0,0.012086987592810631,0.018738142259519426
145.0,55.0,0.0,0,0.013311731988427347,0.01917740616643649
145.0,65.0,0.0,0,0.01469825688526919,0.019559687016617398
145.0,75.0,0.0,0,0.01626694346547964,0.019855973208468894
145.0,85.0,0.0,0,0.018037842624578936,0.020028347933836656
145.0,95.0,0.0,0,0.0200283479338367,0.0200283479338367
145.0,105.0,0.0,0,0.02224938084592781,0.019795840758380163
145.0,115.0,0.0,0,0.024699578350729764,0.019259235127330892
145.0,125.0,0.0,0,0.027357134457720016,0.018338280128606225
145.0,135.0,0.0,0,0.03016954650340408,0.01695106780681802
145.0,145.0,0.0,0,0.033042843554536065,0.015026729193765423
145.0,155.0,0.0,0,0.03583402797810994,0.012524066161350031
145.0,165.0,0.0,0,0.03835282102117945,0.009453448907625133
145.0,175.0,0.0,0,0.04037943946415901,0.005895171264667322
145.0,185.0,0.0,0,0.04170119948432095,0.002004486007208214
145.0,195.0,0.0,0,0.04216115582381462,-0.002004486007208214
145.0,205.0,0.0,0,0.04170119948432095,-0.005895171264667322
145.0,215.0,0.0,0,0.04037943946415901,-0.009453448907625133
145.0,225.0,0.0,0,0.03835282102117945,-0.012524066161350031
145.0,235.0,0.0,0,0.03583402797810994,-0.015026729193765423
145.0,245.0,0.0,0,0.033042843554536065,-0.01695106780681802
145.0,255.0,0.0,0,0.03016954650340408,-0.018338280128606225
145.0,265.0,0.0,0,0.027357134457720016,-0.019259235127330892
145.0,275.0,0.0,0,0.024699578350729764,-0.019795840758380163
145.0,285.0,0.0,0,0.02224938084592781,-0.0200283479338367
145.0,295.0,0.0,0,0.0200283479338367,-0.020028347933836656
145.0,305.0,0.0,0,0.018037842624578936,-0.019855973208468894
145.0,315.0,0.0,0,0.01626694346547964,-0.019559687016617398
145.0,325.0,0.0,0,0.01469825688526919,-0.01917740616643649
145.0,335.0,0.0,0,0.013311731988427347,-0.018738142259519426
145.0,345.0,0.0,0,0.012086987592810631,-0.018263702846558153
145.0,355.0,0.0,0,0.011004620043947911,-0.017770231564760552
145.0,365.0,0.0,0,0.010046854380371324,-0.01726950603253382
145.0,375.0,0.0,0,0.009197794412443828,-0.016769985518856088
145.0,385.0,0.0,0,0.008443441263175781,-0.01627763364772801
155.0,5.0,0.0,0,0.0,0.017522308895845384
155.0,15.0,0.0,0,0.00860386721249132,0.01811623609579789
155.0,25.0,0.0,0,0.00943774261341407,0.018725347862755256
155.0,35.0,0.0,0,0.010386866133983718,0.019343101772719452
155.0,45.0,0.0,0,0.011470453495846899,0.019959635869683138
155.0,55.0,0.0,0,0.012710868194416794,0.02056049966369369
155.0,65.0,0.0,0,0.014133787036945863,0.021124969512017013
155.0,75.0,0.0,0,0.015768042806761164,0.02162387017073545
155.0,85.0,0.0,0,0.017644839124843114,0.022016873670471317
155.0,95.0,0.0,0,0.019795840758380163,0.02224938084592781
155.0,105.0,0.0,0,0.022249380845927855,0.022249380845927855
155.0,115.0,0.0,0,0.025023734772691774,0.02192522442396575
155.0,125.0,0.0,0,0.02811624639837972,0.02116611248330614
155.0,135.0,0.0,0,0.031487450578934276,0.019848208407775896
155.0,145.0,0.0,0,0.0350409517777834,0.017850100184528563
155.0,155.0,0.0,0,0.03860359042718837,0.015080537735450095
155.0,165.0,0.0,0,0.04191639752704875,0.011516961229580838
155.0,175.0,0.0,0,0.044651998795167035,0.007244401898572822
155.0,185.0,0.0,0,0.046470938108934656,0.002474663273959044
155.0,195.0,0.0,0,0.04711048237173283,-0.002474663273959044
155.0,205.0,0.0,0,0.046470938108934656,-0.007244401898572822
155.0,215.0,0.0,0,0.044651998795167035,-0.011516961229580838
155.0,225.0,0.0,0,0.04191639752704875,-0.015080537735450095
155.0,235.0,0.0,0,0.03860359042718837,-0.017850100184528563
155.0,245.0,0.0,0,0.0350409517777834,-0.019848208407775896
155.0,255.0,0.0,0,0.031487450578934276,-0.02116611248330614
155.0,265.0,0.0,0,0.02811624639837972,-0.02192522442396575
155.0,275.0,0.0,0,0.025023734772691774,-0.022249380845927855
155.0,285.0,0.0,0,0.022249380845927855,-0.02224938084592781
155.0,295.0,0.0,0,0.019795840758380163,-0.022016873670471317
155.0,305.0,0.0,0,0.017644839124843114,-0.02162387017073545
155.0,315.0,0.0,0,0.015768042806761164,-0.021124969512017013
155.0,325.0,0.0,0,0.014133787036945863,-0.02056049966369369
155.0,335.0,0.0,0,0.012710868194416794,-0.019959635869683138
155.0,345.0,0.0,0,0.011470453495846899,-0.019343101772719452
155.0,355.0,0.0,0,0.010386866133983718,-0.018725347862755256
155.0,365.0,0.0,0,0.00943774261341407,-0.01811623609579789
155.0,375.0,0.0,0,0.00860386721249132,-0.017522308895845384
155.0,385.0,0.0,0,0.007868861409113066,-0.016947729041782805
165.0,5.0,0.0,0,0.0,0.01825500820415169
165.0,15.0,0.0,0,0.007911483521079515,0.018947391895563565
165.0,25.0,0.0,0,0.008713856658613493,0.0196712778503641
165.0,35.0,0.0,0,0.009635176663011665,0.020422967321336128
165.0,45.0,0.0,0,0.010697652636758237,0.021195768180424745
165.0,55.0,0.0,0,0.011928042750299671,0.021978593624541933
165.0,65.0,0.0,0,0.01335840531521217,0.022753975346275632
165.0,75.0,0.0,0,0.015026729193765423,0.02349528895927137
165.0,85.0,0.0,0,0.01697715536443404,0.024162972719680494
165.0,95.0,0.0,0,0.019259235127330892,0.024699578350729764
165.0,105.0,0.0,0,0.02192522442396575,0.025023734772691774
165.0,115.0,0.0,0,0.02502373477269182,0.02502373477269182
165.0,125.0,0.0,0,0.028587201297425126,0.02455277987364637
165.0,135.0,0.0,0,0.03260999722718701,0.023430233225393688
165.0,145.0,0.0,0,0.03701488035757575,0.02145630464560125
165.0,155.0,0.0,0,0.04161040556848465,0.018449489504305056
165.0,165.0,0.0,0,0.04605409340110513,0.014311793630248652
165.0,175.0,0.0,0,0.04985398474272796,0.00910980768268771
165.0,185.0,0.0,0,0.05244877402454699,0.003131971767075403
165.0,195.0,0.0,0,0.05337442590588357,-0.003131971767075403
165.0,205.0,0.0,0,0.05244877402454699,-0.00910980768268771
165.0,215.0,0.0,0,0.04985398474272796,-0.014311793630248652
165.0,225.0,0.0,0,0.04605409340110513,-0.018449489504305056
165.0,235.0,0.0,0,0.04161040556848465,-0.02145630464560125
165.0,245.0,0.0,0,0.03701488035757575,-0.023430233225393688
165.0,255.0,0.0,0,0.03260999722718701,-0.02455277987364637
165.0,265.0,0.0,0,0.028587201297425126,-0.02502373477269182
165.0,275.0,0.0,0,0.02502373477269182,-0.025023734772691774
165.0,285.0,0.0,0,0.02192522442396575,-0.024699578350729764
165.0,295.0,0.0,0,0.019259235127330892,-0.024162972719680494
165.0,305.0,0.0,0,0.01697715536443404,-0.02349528895927137
165.0,315.0,0.0,0,0.015026729193765423,-0.022753975346275632
165.0,325.0,0.0,0,0.01335840531521217,-0.021978593624541933
165.0,335.0,0.0,0,0.011928042750299671,-0.021195768180424745
165.0,345.0,0.0,0,0.010697652636758237,-0.020422967321336128
165.0,355.0,0.0,0,0.009635176663011665,-0.0196712778503641
165.0,365.0,0.0,0,0.008713856658613493,-0.018947391895563565
165.0,375.0,0.0,0,0.007911483521079515,-0.01825500820415169
165.0,385.0,0.0,0,0.007209664074668264,-0.01759581086970687
175.0,5.0,0.0,0,0.0,0.01895430427182442
175.0,15.0,0.0,0,0.007119069979391428,0.019746717813512397
175.0,25.0,0.0,0,0.007871657513419276,0.020588916958706703
175.0,35.0,0.0,0,0.008743088533017782,0.021481005088700517
175.0,45.0,0.0,0,0.009757823648359174,0.022420834077099692
175.0,55.0,0.0,0,0.010946243377682624,0.023402633449716673
175.0,65.0,0.0,0,0.012346112244401448,0.024414926520527416
175.0,75.0,0.0,0,0.014004266186700504,0.0254373895275924
175.0,85.0,0.0,0,0.01597836543303096,0.0264361794589953
175.0,95.0,0.0,0,0.018338280128606225,0.027357134457720016
175.0,105.0,0.0,0,0.02116611248330614,0.02811624639837972
175.0,115.0,0.0,0,0.02455277987364637,0.028587201297425126
175.0,125.0,0.0,0,0.028587201297425126,0.028587201297425126
175.0,135.0,0.0,0,0.033331364945694525,0.027865833578917608
175.0,145.0,0.0,0,0.03877200064296126,0.026108713293532093
175.0,155.0,0.0,0,0.04474182135395743,0.022977297508059245
175.0,165.0,0.0,0,0.05082117355921768,0.018210217349946746
175.0,175.0,0.0,0,0.0562764079083624,0.011787794184312339
175.0,185.0,0.0,0,0.060145888323772254,0.004090679885087029
175.0,195.0,0.0,0,0.0615557856760577,-0.004090679885087029
175.0,205.0,0.0,0,0.060145888323772254,-0.011787794184312339
175.0,215.0,0.0,0,0.0562764079083624,-0.018210217349946746
175.0,225.0,0.0,0,0.05082117355921768,-0.022977297508059245
175.0,235.0,0.0,0,0.04474182135395743,-0.026108713293532093
175.0,245.0,0.0,0,0.03877200064296126,-0.027865833578917608
175.0,255.0,0.0,0,0.033331364945694525,-0.028587201297425126
175.0,265.0,0.0,0,0.028587201297425126,-0.028587201297425126
175.0,275.0,0.0,0,0.02455277987364637,-0.02811624639837972
175.0,285.0,0.0,0,0.02116611248330614,-0.027357134457720016
175.0,295.0,0.0,0,0.018338280128606225,-0.0264361794589953
175.0,305.0,0.0,0,0.01597836543303096,-0.0254373895275924
175.0,315.0,0.0,0,0.014004266186700504,-0.024414926520527416
175.0,325.0,0.0,0,0.012346112244401448,-0.023402633449716673
175.0,335.0,0.0,0,0.010946243377682624,-0.022420834077099692
175.0,345.0,0.0,0,0.009757823648359174,-0.021481005088700517
175.0,355.0,0.0,0,0.008743088533017782,-0.020588916958706703
175.0,365.0,0.0,0,0.007871657513419276,-0.019746717813512397
175.0,375.0,0.0,0,0.007119069979391428,-0.01895430427182442
175.0,385.0,0.0,0,0.0064655771527906344,-0.018210217349946767
185.0,5.0,0.0,0,0.0,0.019605150316030755
185.0,15.0,0.0,0,0.00622817963349699,0.020496040661925237
185.0,25.0,0.0,0,0.006911393529743156,0.021456304645601294
185.0,35.0,0.0,0,0.007708675625275448,0.02249071755334365
185.0,45.0,0.0,0,0.008645533955985083,0.02360300724571776
185.0,55.0,0.0,0,0.00975450371227156,0.02479474691112885
185.0,65.0,0.0,0,0.011077345765096457,0.02606351339043375
185.0,75.0,0.0,0,0.01266792568409943,0.027399853893034825
185.0,85.0,0.0,0,0.014595885144449972,0.028782334181615944
185.0,95.0,0.0,0,0.01695106780681802,0.03016954650340408
185.0,105.0,0.0,0,0.019848208407775896,0.031487450578934276
185.0,115.0,0.0,0,0.023430233225393688,0.03260999722718701
185.0,125.0,0.0,0,0.027865833578917608,0.033331364945694525
185.0,135.0,0.0,0,0.033331364945694525,0.033331364945694525
185.0,145.0,0.0,0,0.03995721682697825,0.03214614876167754
185.0,155.0,0.0,0,0.04770728214261151,0.0291806879730235
185.0,165.0,0.0,0,0.056166857277879914,0.02383500425436127
185.0,175.0,0.0,0,0.06429460245023585,0.015816809712487785
185.0,185.0,0.0,0,0.07039499293705595,0.005567705099204155
185.0,195.0,0.0,0,0.07269119587446586,-0.005567705099204155
185.0,205.0,0.0,0,0.07039499293705595,-0.015816809712487785
185.0,215.0,0.0,0,0.06429460245023585,-0.02383500425436127
185.0,225.0,0.0,0,0.056166857277879914,-0.0291806879730235
185.0,235.0,0.0,0,0.04770728214261151,-0.03214614876167754
185.0,245.0,0.0,0,0.03995721682697825,-0.033331364945694525
185.0,255.0,0.0,0,0.033331364945694525,-0.033331364945694525
185.0,265.0,0.0,0,0.027865833578917608,-0.03260999722718701
185.0,275.0,0.0,0,0.023430233225393688,-0.031487450578934276
185.0,285.0,0.0,0,0.019848208407775896,-0.03016954650340408
185.0,295.0,0.0,0,0.01695106780681802,-0.028782334181615944
185.0,305.0,0.0,0,0.014595885144449972,-0.027399853893034825
185.0,315.0,0.0,0,0.01266792568409943,-0.02606351339043375
185.0,325.0,0.0,0,0.011077345765096457,-0.02479474691112885
185.0,335.0,0.0,0,0.00975450371227156,-0.02360300724571776
185.0,345.0,0.0,0,0.008645533955985083,-0.02249071755334365
185.0,355.0,0.0,0,0.007708675625275448,-0.021456304645601294
185.0,365.0,0.0,0,0.006911393529743156,-0.020496040661925237
185.0,375.0,0.0,0,0.00622817963349699,-0.019605150316030755
185.0,385.0,0.0,0,0.005638894043182676,-0.018778467206422844
195.0,5.0,0.0,0,0.0,0.02019179178245439
195.0,15.0,0.0,0,0.0052440393770315915,0.021175932038919775
195.0,25.0,0.0,0,0.005837944722735078,0.022249380845927855
195.0,35.0,0.0,0,0.00653584278036477,0.023422213690838578
195.0,45.0,0.0,0,0.007362651468232224,0.024705096178591394
195.0,55.0,0.0,0,0.00835088659733086,0.026108713293532093
195.0,65.0,0.0,0,0.009543447905379084,0.02764261115324953
195.0,75.0,0.0,0,0.010997560288948941,0.029312976548399976
195.0,85.0,0.0,0,0.012790356751366496,0.03111850494148345
195.0,95.0,0.0,0,0.015026729193765423,0.033042843554536065
195.0,105.0,0.0,0,0.017850100184528563,0.0350409517777834
195.0,115.0,0.0,0,0.02145630464560125,0.03701488035757575
195.0,125.0,0.0,0,0.026108713293532093,0.03877200064296126
195.0,135.0,0.0,0,0.03214614876167754,0.03995721682697825
195.0,145.0,0.0,0,0.039957216826978295,0.039957216826978295
195.0,155.0,0.0,0,0.04985398474272794,0.03781051422686178
195.0,165.0,0.0,0,0.061716499454672114,0.03226087205006957
195.0,175.0,0.0,0,0.07430609365437761,0.022249380845927855
195.0,185.0,0.0,0,0.0846274317500058,0.008016942032977996
195.0,195.0,0.0,0,0.08872507994042186,-0.008016942032977996
195.0,205.0,0.0,0,0.0846274317500058,-0.022249380845927855
195.0,215.0,0.0,0,0.07430609365437761,-0.03226087205006957
195.0,225.0,0.0,0,0.061716499454672114,-0.03781051422686178
195.0,235.0,0.0,0,0.04985398474272794,-0.039957216826978295
195.0,245.0,0.0,0,0.039957216826978295,-0.03995721682697825
195.0,255.0,0.0,0,0.03214614876167754,-0.03877200064296126
195.0,265.0,0.0,0,0.026108713293532093,-0.03701488035757575
195.0,275.0,0.0,0,0.02145630464560125,-0.0350409517777834
195.0,285.0,0.0,0,0.017850100184528563,-0.033042843554536065
195.0,295.0,0.0,0,0.015026729193765423,-0.03111850494148345
195.0,305.0,0.0,0,0.012790356751366496,-0.029312976548399976
195.0,315.0,0.0,0,0.010997560288948941,-0.02764261115324953
195.0,325.0,0.0,0,0.009543447905379084,-0.026108713293532093
195.0,335.0,0.0,0,0.00835088659733086,-0.024705096178591394
195.0,345.0,0.0,0,0.007362651468232224,-0.023422213690838578
195.0,355.0,0.0,0,0.00653584278036477,-0.022249380845927855
195.0,365.0,0.0,0,0.005837944722735078,-0.021175932038919775
195.0,375.0,0.0,0,0.0052440393770315915,-0.02019179178245439
195.0,385.0,0.0,0,0.004734825612721116,-0.019287723351992796
205.0,5.0,0.0,0,0.0,0.020698516078377586
205.0,15.0,0.0,0,0.0041758962813441425,0.021766659174065044
205.0,25.0,0.0,0,0.004661424131922967,0.02294317976487719
205.0,35.0,0.0,0,0.005235343783826717,0.02424367876141521
205.0,45.0,0.0,0,0.0059200417967381,0.025686288432909266
205.0,55.0,0.0,0,0.0067452860015525685,0.027291889028687583
205.0,65.0,0.0,0,0.0077512544092723495,0.029084082524794358
205.0,75.0,0.0,0,0.008993054706817199,0.031088588106926125
205.0,85.0,0.0,0,0.010547579912598077,0.033331364945694504
205.0,95.0,0.0,0,0.012524066161350031,0.03583402797810994
205.0,105.0,0.0,0,0.015080537735450095,0.03860359042718837
205.0,115.0,0.0,0,0.018449489504305056,0.04161040556848465
205.0,125.0,0.0,0,0.022977297508059245,0.04474182135395743
205.0,135.0,0.0,0,0.0291806879730235,0.04770728214261151
205.0,145.0,0.0,0,0.03781051422686178,0.04985398474272794
205.0,155.0,0.0,0,0.04985398474272798,0.04985398474272798
205.0,165.0,0.0,0,0.06620819432398847,0.04536228987341163
205.0,175.0,0.0,0,0.0863370185820947,0.033331364945694525
205.0,185.0,0.0,0,0.1054347305343503,0.012524066161349942
205.0,195.0,0.0,0,0.11377321226312184,-0.012524066161349942
205.0,205.0,0.5990994577706223,1,0.1054347305343503,-0.033331364945694525
205.0,215.0,0.0,0,0.0863370185820947,-0.04536228987341163
205.0,225.0,0.0,0,0.06620819432398847,-0.04985398474272798
205.0,235.0,0.0,0,0.04985398474272798,-0.04985398474272794
205.0,245.0,0.0,0,0.03781051422686178,-0.04770728214261151
205.0,255.0,0.0,0,0.0291806879730235,-0.04474182135395743
205.0,265.0,0.0,0,0.022977297508059245,-0.04161040556848465
205.0,275.0,0.0,0,0.018449489504305056,-0.03860359042718837
205.0,285.0,0.0,0,0.015080537735450095,-0.03583402797810994
205.0,295.0,0.0,0,0.012524066161350031,-0.033331364945694504
205.0,305.0,0.0,0,0.010547579912598077,-0.031088588106926125
205.0,315.0,0.0,0,0.008993054706817199,-0.029084082524794358
205.0,325.0,0.0,0,0.0077512544092723495,-0.027291889028687583
205.0,335.0,0.0,0,0.0067452860015525685,-0.025686288432909266
205.0,345.0,0.0,0,0.0059200417967381,-0.02424367876141521
205.0,355.0,0.0,0,0.005235343783826717,-0.02294317976487719
205.0,365.0,0.0,0,0.004661424131922967,-0.021766659174065044
205.0,375.0,0.0,0,0.0041758962813441425,-0.020698516078377586
205.0,385.0,0.0,0,0.00376169093433506,-0.019725381399991533
215.0,5.0,0.0,0,0.0,0.021110551784167673
215.0,15.0,0.0,0,0.0030370672195839856,0.022249380845927855
215.0,25.0,0.0,0,0.003397380892305145,0.02351342408554562
215.0,35.0,0.0,0,0.003825270759857287,0.024923497109515108
215.0,45.0,0.0,0,0.00433858107436499,0.026504957831888238
215.0,55.0,0.0,0,0.004961387070506032,0.02828885676293478
215.0,65.0,0.0,0,0.0057267610488944,0.030313350123312682
215.0,75.0,0.0,0,0.006681057133238527,0.03262534769689134
215.0,85.0,0.0,0,0.00789072384203483,0.035282203767454653
215.0,95.0,0.0,0,0.009453448907625133,0.03835282102117945
215.0,105.0,0.0,0,0.011516961229580838,0.04191639752704875
215.0,115.0,0.0,0,0.014311793630248652,0.04605409340110513
215.0,125.0,0.0,0,0.018210217349946746,0.05082117355921768
215.0,135.0,0.0,0,0.02383500425436127,0.056166857277879914
215.0,145.0,0.0,0,0.03226087205006957,0.061716499454672114
215.0,155.0,0.0,0,0.04536228987341163,0.06620819432398847
215.0,165.0,0.0,0,0.06620819432398847,0.06620819432398847
215.0,175.0,0.0,0,0.09821207888218789,0.05433313402389524
215.0,185.0,0.0,0,0.13751848371231773,0.022249380845927855
215.0,195.0,0.0,0,0.15827197395497755,-0.022249380845927855
215.0,205.0,0.0,0,0.13751848371231773,-0.05433313402389524
215.0,215.0,0.0,0,0.09821207888218789,-0.06620819432398847
215.0,225.0,0.0,0,0.06620819432398847,-0.06620819432398847
215.0,235.0,0.0,0,0.04536228987341163,-0.061716499454672114
215.0,245.0,0.0,0,0.03226087205006957,-0.056166857277879914
215.0,255.0,0.0,0,0.02383500425436127,-0.05082117355921768
215.0,265.0,0.0,0,0.018210217349946746,-0.04605409340110513
215.0,275.0,0.0,0,0.014311793630248652,-0.04191639752704875
215.0,285.0,0.0,0,0.011516961229580838,-0.03835282102117945
215.0,295.0,0.0,0,0.009453448907625133,-0.035282203767454653
215.0,305.0,0.0,0,0.00789072384203483,-0.03262534769689134
215.0,315.0,0.0,0,0.006681057133238527,-0.030313350123312682
215.0,325.0,0.0,0,0.0057267610488944,-0.02828885676293478
215.0,335.0,0.0,0,0.004961387070506032,-0.026504957831888238
215.0,345.0,0.0,0,0.00433858107436499,-0.024923497109515108
215.0,355.0,0.0,0,0.003825270759857287,-0.02351342408554562
215.0,365.0,0.0,0,0.003397380892305145,-0.022249380845927855
215.0,375.0,0.0,0,0.0030370672195839856,-0.021110551784167673
215.0,385.0,0.0,0,0.002730887884059529,-0.020079748733892157
225.0,5.0,0.0,0,0.0,0.02141504169206568
225.0,15.0,0.0,0,0.0018446213791631309,0.022607487532486502
225.0,25.0,0.0,0,0.002066479338158545,0.02393838908663314
225.0,35.0,0.0,0,0.0023307908443811923,0.025432869002109188
225.0,45.0,0.0,0,0.0026490839690128175,0.027122366107461382
225.0,55.0,0.0,0,0.0030370672195839856,0.029046685958383445
225.0,65.0,0.0,0,0.0035165812284131273,0.03125686577886466
225.0,75.0,0.0,0,0.004118696275707044,0.0338192266363961
225.0,85.0,0.0,0,0.00488878865722977,0.036821161821201154
225.0,95.0,0.0,0,0.005895171264667322,0.04037943946415901
225.0,105.0,0.0,0,0.007244401898572822,0.044651998795167035
225.0,115.0,0.0,0,0.00910980768268771,0.04985398474272796
225.0,125.0,0.0,0,0.011787794184312339,0.0562764079083624
225.0,135.0,0.0,0,0.015816809712487785,0.06429460245023585
225.0,145.0,0.0,0,0.022249380845927855,0.07430609365437761
225.0,155.0,0.0,0,0.033331364945694525,0.0863370185820947
225.0,165.0,0.0,0,0.05433313402389524,0.09821207888218789
225.0,175.0,0.0,0,0.09821207888218793,0.09821207888218793
225.0,185.0,0.0,0,0.18587657785177766,0.04985398474272798
225.0,195.0,0.0,0,0.25797994344043346,-0.04985398474272798
225.0,205.0,0.0,0,0.18587657785177766,-0.09821207888218793
225.0,215.0,0.0,0,0.09821207888218793,-0.09821207888218789
225.0,225.0,0.0,0,0.05433313402389524,-0.0863370185820947
225.0,235.0,0.0,0,0.033331364945694525,-0.07430609365437761
225.0,245.0,0.0,0,0.022249380845927855,-0.06429460245023585
225.0,255.0,0.0,0,0.015816809712487785,-0.0562764079083624
225.0,265.0,0.0,0,0.011787794184312339,-0.04985398474272796
225.0,275.0,0.0,0,0.00910980768268771,-0.044651998795167035
225.0,285.0,0.0,0,0.007244401898572822,-0.04037943946415901
225.0,295.0,0.0,0,0.005895171264667322,-0.036821161821201154
225.0,305.0,0.0,0,0.00488878865722977,-0.0338192266363961
225.0,315.0,0.0,0,0.004118696275707044,-0.03125686577886466
225.0,325.0,0.0,0,0.0035165812284131273,-0.029046685958383445
225.0,335.0,0.0,0,0.0030370672195839856,-0.027122366107461382
225.0,345.0,0.0,0,0.0026490839690128175,-0.025432869002109188
225.0,355.0,0.0,0,0.0023307908443811923,-0.02393838908663314
225.0,365.0,0.0,0,0.002066479338158545,-0.022607487532486502
225.0,375.0,0.0,0,0.0018446213791631309,-0.02141504169206568
225.0,385.0,0.0,0,0.0016566043818824795,-0.020340758189888567
235.0,5.0,0.0,0,0.0,0.021601984489455484
235.0,15.0,0.0,0,0.0006186731851575184,0.022827932683461123
235.0,25.0,0.0,0,0.0006935988619902345,0.024200813159629405
235.0,35.0,0.0,0,0.0007830078758966821,0.025748596128113876
235.0,45.0,0.0,0,0.0008908886273616967,0.027506791469765018
235.0,55.0,0.0,0,0.001022703246391031,0.029521155442957997
235.0,65.0,0.0,0,0.001186092818092604,0.0318516438532785
235.0,75.0,0.0,0,0.0013920101774710634,0.03457832995151448
235.0,85.0,0.0,0,0.0016566043818824795,0.037810514226861804
235.0,95.0,0.0,0,0.002004486007208214,0.04170119948432095
235.0,105.0,0.0,0,0.002474663273959044,0.046470938108934656
235.0,115.0,0.0,0,0.003131971767075403,0.05244877402454699
235.0,125.0,0.0,0,0.004090679885087029,0.060145888323772254
235.0,135.0,0.0,0,0.005567705099204155,0.07039499293705595
235.0,145.0,0.0,0,0.008016942032977996,0.0846274317500058
235.0,155.0,0.0,0,0.012524066161349942,0.1054347305343503
235.0,165.0,0.0,0,0.022249380845927855,0.13751848371231773
235.0,175.0,0.0,0,0.04985398474272798,0.18587657785177766
235.0,185.0,0.0,0,0.1858765778517777,0.1858765778517777
235.0,195.0,0.0,0,0.6297330991439888,-0.1858765778517777
235.0,205.0,0.0,0,0.1858765778517777,-0.18587657785177766
235.0,215.0,0.0,0,0.04985398474272798,-0.13751848371231773
235.0,225.0,0.0,0,0.022249380845927855,-0.1054347305343503
235.0,235.0,0.0,0,0.012524066161349942,-0.0846274317500058
235.0,245.0,0.0,0,0.008016942032977996,-0.07039499293705595
235.0,255.0,0.0,0,0.005567705099204155,-0.060145888323772254
235.0,265.0,0.0,0,0.004090679885087029,-0.05244877402454699
235.0,275.0,0.0,0,0.003131971767075403,-0.046470938108934656
235.0,285.0,0.0,0,0.002474663273959044,-0.04170119948432095
235.0,295.0,0.0,0,0.002004486007208214,-0.037810514226861804
235.0,305.0,0.0,0,0.0016566043818824795,-0.03457832995151448
235.0,315.0,0.0,0,0.0013920101774710634,-0.0318516438532785
235.0,325.0,0.0,0,0.001186092818092604,-0.029521155442957997
235.0,335.0,0.0,0,0.001022703246391031,-0.027506791469765018
235.0,345.0,0.0,0,0.0008908886273616967,-0.025748596128113876
235.0,355.0,0.0,0,0.0007830078758966821,-0.024200813159629405
235.0,365.0,0.0,0,0.0006935988619902345,-0.022827932683461123
235.0,375.0,0.0,0,0.0006186731851575184,-0.021601984489455484
235.0,385.0,0.0,0,0.0005552635538436915,-0.020500643661416733
245.0,5.0,0.0,0,0.0,0.021665025460911605
245.0,15.0,0.0,0,-0.0006186731851575184,0.022902371831226592
245.0,25.0,0.0,0,-0.0006935988619902345,0.024289569555207054
245.0,35.0,0.0,0,-0.0007830078758966821,0.025855585307000585
245.0,45.0,0.0,0,-0.0008908886273616967,0.027637362561723895
245.0,55.0,0.0,0,-0.001022703246391031,0.02968276905450588
245.0,65.0,0.0,0,-0.001186092818092604,0.03205495469069124
245.0,75.0,0.0,0,-0.0013920101774710634,0.034838975045633366
245.0,85.0,0.0,0,-0.0016566043818824795,0.03815218380939824
245.0,95.0,0.0,0,-0.002004486007208214,0.04216115582381462
245.0,105.0,0.0,0,-0.002474663273959044,0.04711048237173283
245.0,115.0,0.0,0,-0.003131971767075403,0.05337442590588357
245.0,125.0,0.0,0,-0.004090679885087029,0.0615557856760577
245.0,135.0,0.0,0,-0.005567705099204155,0.07269119587446586
245.0,145.0,0.0,0,-0.008016942032977996,0.08872507994042186
245.0,155.0,0.0,0,-0.012524066161349942,0.11377321226312184
245.0,165.0,0.0,0,-0.022249380845927855,0.15827197395497755
245.0,175.0,0.0,0,-0.04985398474272798,0.25797994344043346
245.0,185.0,0.0,0,-0.1858765778517777,0.6297330991439888
245.0,195.0,0.0,0,-0.6297330991439888,-0.6297330991439888
245.0,205.0,0.0,0,-0.1858765778517777,-0.25797994344043346
245.0,215.0,0.0,0,-0.04985398474272798,-0.15827197395497755
245.0,225.0,0.0,0,-0.022249380845927855,-0.11377321226312184
245.0,235.0,0.0,0,-0.012524066161349942,-0.08872507994042186
245.0,245.0,0.0,0,-0.008016942032977996,-0.07269119587446586
245.0,255.0,0.0,0,-0.005567705099204155,-0.0615557856760577
245.0,265.0,0.0,0,-0.004090679885087029,-0.05337442590588357
245.0,275.0,0.0,0,-0.003131971767075403,-0.04711048237173283
245.0,285.0,0.0,0,-0.002474663273959044,-0.04216115582381462
245.0,295.0,0.0,0,-0.002004486007208214,-0.03815218380939824
245.0,305.0,0.0,0,-0.0016566043818824795,-0.034838975045633366
245.0,315.0,0.0,0,-0.0013920101774710634,-0.03205495469069124
245.0,325.0,0.0,0,-0.001186092818092604,-0.02968276905450588
245.0,335.0,0.0,0,-0.001022703246391031,-0.027637362561723895
245.0,345.0,0.0,0,-0.0008908886273616967,-0.025855585307000585
245.0,355.0,0.0,0,-0.0007830078758966821,-0.024289569555207054
245.0,365.0,0.0,0,-0.0006935988619902345,-0.022902371831226592
245.0,375.0,0.0,0,-0.0006186731851575184,-0.021665025460911605
245.0,385.0,0.0,0,-0.0005552635538436915,-0.020554498353224225
255.0,5.0,0.0,0,0.0,0.021601984489455484
255.0,15.0,0.0,0,-0.0018446213791631309,0.022827932683461123
255.0,25.0,0.0,0,-0.002066479338158545,0.024200813159629405
255.0,35.0,0.0,0,-0.0023307908443811923,0.025748596128113876
255.0,45.0,0.0,0,-0.0026490839690128175,0.027506791469765018
255.0,55.0,0.0,0,-0.0030370672195839856,0.029521155442957997
255.0,65.0,0.0,0,-0.0035165812284131273,0.0318516438532785
255.0,75.0,0.0,0,-0.004118696275707044,0.03457832995151448
255.0,85.0,0.0,0,-0.00488878865722977,0.037810514226861804
255.0,95.0,0.0,0,-0.005895171264667322,0.04170119948432095
255.0,105.0,0.0,0,-0.007244401898572822,0.046470938108934656
255.0,115.0,0.0,0,-0.00910980768268771,0.05244877402454699
255.0,125.0,0.0,0,-0.011787794184312339,0.060145888323772254
255.0,135.0,0.0,0,-0.015816809712487785,0.07039499293705595
255.0,145.0,0.0,0,-0.022249380845927855,0.0846274317500058
255.0,155.0,0.0,0,-0.033331364945694525,0.1054347305343503
255.0,165.0,0.0,0,-0.05433313402389524,0.13751848371231773
255.0,175.0,0.0,0,-0.09821207888218793,0.18587657785177766
255.0,185.0,0.0,0,-0.18587657785177766,0.1858765778517777
255.0,195.0,0.0,0,-0.25797994344043346,-0.1858765778517777
255.0,205.0,0.5990994577706223,1,-0.18587657785177766,-0.18587657785177766
255.0,215.0,0.0,0,-0.09821207888218793,-0.13751848371231773
255.0,225.0,0.0,0,-0.05433313402389524,-0.1054347305343503
255.0,235.0,0.0,0,-0.033331364945694525,-0.0846274317500058
255.0,245.0,0.0,0,-0.022249380845927855,-0.07039499293705595
255.0,255.0,0.0,0,-0.015816809712487785,-0.060145888323772254
255.0,265.0,0.0,0,-0.011787794184312339,-0.05244877402454699
255.0,275.0,0.0,0,-0.00910980768268771,-0.046470938108934656
255.0,285.0,0.0,0,-0.007244401898572822,-0.04170119948432095
255.0,295.0,0.0,0,-0.005895171264667322,-0.037810514226861804
255.0,305.0,0.0,0,-0.00488878865722977,-0.03457832995151448
255.0,315.0,0.0,0,-0.004118696275707044,-0.0318516438532785
255.0,325.0,0.0,0,-0.0035165812284131273,-0.029521155442957997
255.0,335.0,0.0,0,-0.0030370672195839856,-0.027506791469765018
255.0,345.0,0.0,0,-0.0026490839690128175,-0.025748596128113876
255.0,355.0,0.0,0,-0.0023307908443811923,-0.024200813159629405
255.0,365.0,0.0,0,-0.002066479338158545,-0.022827932683461123
255.0,375.0,0.0,0,-0.0018446213791631309,-0.021601984489455484
255.0,385.0,0.0,0,-0.0016566043818824795,-0.020500643661416733
265.0,5.0,0.0,0,0.0,0.02141504169206568
265.0,15.0,0.0,0,-0.0030370672195839856,0.022607487532486502
265.0,25.0,0.0,0,-0.003397380892305145,0.02393838908663314
265.0,35.0,0.0,0,-0.003825270759857287,0.025432869002109188
265.0,45.0,0.0,0,-0.00433858107436499,0.027122366107461382
265.0,55.0,0.0,0,-0.004961387070506032,0.029046685958383445
265.0,65.0,0.0,0,-0.0057267610488944,0.03125686577886466
265.0,75.0,0.0,0,-0.006681057133238527,0.0338192266363961
265.0,85.0,0.0,0,-0.00789072384203483,0.036821161821201154
265.0,95.0,0.0,0,-0.009453448907625133,0.04037943946415901
265.0,105.0,0.0,0,-0.011516961229580838,0.044651998795167035
265.0,115.0,0.0,0,-0.014311793630248652,0.04985398474272796
265.0,125.0,0.0,0,-0.018210217349946746,0.0562764079083624
265.0,135.0,0.0,0,-0.02383500425436127,0.06429460245023585
265.0,145.0,0.0,0,-0.03226087205006957,0.07430609365437761
265.0,155.0,0.0,0,-0.04536228987341163,0.0863370185820947
265.0,165.0,0.0,0,-0.06620819432398847,0.09821207888218789
265.0,175.0,0.0,0,-0.09821207888218789,0.09821207888218793
265.0,185.0,0.0,0,-0.13751848371231773,0.04985398474272798
265.0,195.0,0.0,0,-0.15827197395497755,-0.04985398474272798
265.0,205.0,0.0,0,-0.13751848371231773,-0.09821207888218793
265.0,215.0,0.0,0,-0.09821207888218789,-0.09821207888218789
265.0,225.0,0.0,0,-0.06620819432398847,-0.0863370185820947
265.0,235.0,0.0,0,-0.04536228987341163,-0.07430609365437761
265.0,245.0,0.0,0,-0.03226087205006957,-0.06429460245023585
265.0,255.0,0.0,0,-0.02383500425436127,-0.0562764079083624
265.0,265.0,0.0,0,-0.018210217349946746,-0.04985398474272796
265.0,275.0,0.0,0,-0.014311793630248652,-0.044651998795167035
265.0,285.0,0.0,0,-0.011516961229580838,-0.04037943946415901
265.0,295.0,0.0,0,-0.009453448907625133,-0.036821161821201154
265.0,305.0,0.0,0,-0.00789072384203483,-0.0338192266363961
265.0,315.0,0.0,0,-0.006681057133238527,-0.03125686577886466
265.0,325.0,0.0,0,-0.0057267610488944,-0.029046685958383445
265.0,335.0,0.0,0,-0.004961387070506032,-0.027122366107461382
265.0,345.0,0.0,0,-0.00433858107436499,-0.025432869002109188
265.0,355.0,0.0,0,-0.003825270759857287,-0.02393838908663314
265.0,365.0,0.0,0,-0.003397380892305145,-0.022607487532486502
265.0,375.0,0.0,0,-0.0030370672195839856,-0.02141504169206568
265.0,385.0,0.0,0,-0.002730887884059529,-0.020340758189888567
275.0,5.0,0.0,0,0.0,0.021110551784167673
275.0,15.0,0.0,0,-0.0041758962813441425,0.022249380845927855
275.0,25.0,0.0,0,-0.004661424131922967,0.02351342408554562
275.0,35.0,0.0,0,-0.005235343783826717,0.024923497109515108
275.0,45.0,0.0,0,-0.0059200417967381,0.026504957831888238
275.0,55.0,0.0,0,-0.0067452860015525685,0.02828885676293478
275.0,65.0,0.0,0,-0.0077512544092723495,0.030313350123312682
275.0,75.0,0.0,0,-0.008993054706817199,0.03262534769689134
275.0,85.0,0.0,0,-0.010547579912598077,0.035282203767454653
275.0,95.0,0.0,0,-0.012524066161350031,0.03835282102117945
275.0,105.0,0.0,0,-0.015080537735450095,0.04191639752704875
275.0,115.0,0.0,0,-0.018449489504305056,0.04605409340110513
275.0,125.0,0.0,0,-0.022977297508059245,0.05082117355921768
275.0,135.0,0.0,0,-0.0291806879730235,0.056166857277879914
275.0,145.0,0.0,0,-0.03781051422686178,0.061716499454672114
275.0,155.0,0.0,0,-0.04985398474272798,0.06620819432398847
275.0,165.0,0.0,0,-0.06620819432398847,0.06620819432398847
275.0,175.0,0.0,0,-0.0863370185820947,0.05433313402389524
275.0,185.0,0.0,0,-0.1054347305343503,0.022249380845927855
275.0,195.0,0.0,0,-0.11377321226312184,-0.022249380845927855
275.0,205.0,0.0,0,-0.1054347305343503,-0.05433313402389524
275.0,215.0,0.0,0,-0.0863370185820947,-0.06620819432398847
275.0,225.0,0.0,0,-0.06620819432398847,-0.06620819432398847
275.0,235.0,0.0,0,-0.04985398474272798,-0.061716499454672114
275.0,245.0,0.0,0,-0.03781051422686178,-0.056166857277879914
275.0,255.0,0.0,0,-0.0291806879730235,-0.05082117355921768
275.0,265.0,0.0,0,-0.022977297508059245,-0.04605409340110513
275.0,275.0,0.0,0,-0.018449489504305056,-0.04191639752704875
275.0,285.0,0.0,0,-0.015080537735450095,-0.03835282102117945
275.0,295.0,0.0,0,-0.012524066161350031,-0.035282203767454653
275.0,305.0,0.0,0,-0.010547579912598077,-0.03262534769689134
275.0,315.0,0.0,0,-0.008993054706817199,-0.030313350123312682
275.0,325.0,0.0,0,-0.0077512544092723495,-0.02828885676293478
275.0,335.0,0.0,0,-0.0067452860015525685,-0.026504957831888238
275.0,345.0,0.0,0,-0.0059200417967381,-0.024923497109515108
275.0,355.0,0.0,0,-0.005235343783826717,-0.02351342408554562
275.0,365.0,0.0,0,-0.004661424131922967,-0.022249380845927855
275.0,375.0,0.0,0,-0.0041758962813441425,-0.021110551784167673
275.0,385.0,0.0,0,-0.00376169093433506,-0.020079748733892157
285.0,5.0,0.0,0,0.0,0.020698516078377586
285.0,15.0,0.0,0,-0.0052440393770315915,0.021766659174065044
285.0,25.0,0.0,0,-0.005837944722735078,0.02294317976487719
285.0,35.0,0.0,0,-0.00653584278036477,0.02424367876141521
285.0,45.0,0.0,0,-0.007362651468232224,0.025686288432909266
285.0,55.0,0.0,0,-0.00835088659733086,0.027291889028687583
285.0,65.0,0.0,0,-0.009543447905379084,0.029084082524794358
285.0,75.0,0.0,0,-0.010997560288948941,0.031088588106926125
285.0,85.0,0.0,0,-0.012790356751366496,0.033331364945694504
285.0,95.0,0.0,0,-0.015026729193765423,0.03583402797810994
285.0,105.0,0.0,0,-0.017850100184528563,0.03860359042718837
285.0,115.0,0.0,0,-0.02145630464560125,0.04161040556848465
285.0,125.0,0.0,0,-0.026108713293532093,0.04474182135395743
285.0,135.0,0.0,0,-0.03214614876167754,0.04770728214261151
285.0,145.0,0.0,0,-0.039957216826978295,0.04985398474272794
285.0,155.0,0.0,0,-0.04985398474272794,0.04985398474272798
285.0,165.0,0.0,0,-0.061716499454672114,0.04536228987341163
285.0,175.0,0.0,0,-0.07430609365437761,0.033331364945694525
285.0,185.0,0.0,0,-0.0846274317500058,0.012524066161349942
285.0,195.0,0.0,0,-0.08872507994042186,-0.012524066161349942
285.0,205.0,0.0,0,-0.0846274317500058,-0.033331364945694525
285.0,215.0,0.0,0,-0.07430609365437761,-0.04536228987341163
285.0,225.0,0.0,0,-0.061716499454672114,-0.04985398474272798
285.0,235.0,0.0,0,-0.04985398474272794,-0.04985398474272794
285.0,245.0,0.0,0,-0.039957216826978295,-0.04770728214261151
285.0,255.0,0.0,0,-0.03214614876167754,-0.04474182135395743
285.0,265.0,0.0,0,-0.026108713293532093,-0.04161040556848465
285.0,275.0,0.0,0,-0.02145630464560125,-0.03860359042718837
285.0,285.0,0.0,0,-0.017850100184528563,-0.03583402797810994
285.0,295.0,0.0,0,-0.015026729193765423,-0.033331364945694504
285.0,305.0,0.0,0,-0.012790356751366496,-0.031088588106926125
285.0,315.0,0.0,0,-0.010997560288948941,-0.029084082524794358
285.0,325.0,0.0,0,-0.009543447905379084,-0.027291889028687583
285.0,335.0,0.0,0,-0.00835088659733086,-0.025686288432909266
285.0,345.0,0.0,0,-0.007362651468232224,-0.02424367876141521
285.0,355.0,0.0,0,-0.00653584278036477,-0.02294317976487719
285.0,365.0,0.0,0,-0.005837944722735078,-0.021766659174065044
285.0,375.0,0.0,0,-0.0052440393770315915,-0.020698516078377586
285.0,385.0,0.0,0,-0.004734825612721116,-0.019725381399991533
295.0,5.0,0.0,0,0.0,0.02019179178245439
295.0,15.0,0.0,0,-0.00622817963349699,0.021175932038919775
295.0,25.0,0.0,0,-0.006911393529743156,0.022249380845927855
295.0,35.0,0.0,0,-0.007708675625275448,0.023422213690838578
295.0,45.0,0.0,0,-0.008645533955985083,0.024705096178591394
295.0,55.0,0.0,0,-0.00975450371227156,0.026108713293532093
295.0,65.0,0.0,0,-0.011077345765096457,0.02764261115324953
295.0,75.0,0.0,0,-0.01266792568409943,0.029312976548399976
295.0,85.0,0.0,0,-0.014595885144449972,0.03111850494148345
295.0,95.0,0.0,0,-0.01695106780681802,0.033042843554536065
295.0,105.0,0.0,0,-0.019848208407775896,0.0350409517777834
295.0,115.0,0.0,0,-0.023430233225393688,0.03701488035757575
295.0,125.0,0.0,0,-0.027865833578917608,0.03877200064296126
295.0,135.0,0.0,0,-0.033331364945694525,0.03995721682697825
295.0,145.0,0.0,0,-0.03995721682697825,0.039957216826978295
295.0,155.0,0.0,0,-0.04770728214261151,0.03781051422686178
295.0,165.0,0.0,0,-0.056166857277879914,0.03226087205006957
295.0,175.0,0.0,0,-0.06429460245023585,0.022249380845927855
295.0,185.0,0.0,0,-0.07039499293705595,0.008016942032977996
295.0,195.0,0.0,0,-0.07269119587446586,-0.008016942032977996
295.0,205.0,0.0,0,-0.07039499293705595,-0.022249380845927855
295.0,215.0,0.0,0,-0.06429460245023585,-0.03226087205006957
295.0,225.0,0.0,0,-0.056166857277879914,-0.03781051422686178
295.0,235.0,0.0,0,-0.04770728214261151,-0.039957216826978295
295.0,245.0,0.0,0,-0.03995721682697825,-0.03995721682697825
295.0,255.0,0.0,0,-0.033331364945694525,-0.03877200064296126
295.0,265.0,0.0,0,-0.027865833578917608,-0.03701488035757575
295.0,275.0,0.0,0,-0.023430233225393688,-0.0350409517777834
295.0,285.0,0.0,0,-0.019848208407775896,-0.033042843554536065
295.0,295.0,0.0,0,-0.01695106780681802,-0.03111850494148345
295.0,305.0,0.0,0,-0.014595885144449972,-0.029312976548399976
295.0,315.0,0.0,0,-0.01266792568409943,-0.02764261115324953
295.0,325.0,0.0,0,-0.011077345765096457,-0.026108713293532093
295.0,335.0,0.0,0,-0.00975450371227156,-0.024705096178591394
295.0,345.0,0.0,0,-0.008645533955985083,-0.023422213690838578
295.0,355.0,0.0,0,-0.007708675625275448,-0.022249380845927855
295.0,365.0,0.0,0,-0.006911393529743156,-0.021175932038919775
295.0,375.0,0.0,0,-0.00622817963349699,-0.02019179178245439
295.0,385.0,0.0,0,-0.005638894043182676,-0.019287723351992796
305.0,5.0,0.0,0,0.0,0.019605150316030755
305.0,15.0,0.0,0,-0.007119069979391428,0.020496040661925237
305.0,25.0,0.0,0,-0.007871657513419276,0.021456304645601294
305.0,35.0,0.0,0,-0.008743088533017782,0.02249071755334365
305.0,45.0,0.0,0,-0.009757823648359174,0.02360300724571776
305.0,55.0,0.0,0,-0.010946243377682624,0.02479474691112885
305.0,65.0,0.0,0,-0.012346112244401448,0.02606351339043375
305.0,75.0,0.0,0,-0.014004266186700504,0.027399853893034825
305.0,85.0,0.0,0,-0.01597836543303096,0.028782334181615944
305.0,95.0,0.0,0,-0.018338280128606225,0.03016954650340408
305.0,105.0,0.0,0,-0.02116611248330614,0.031487450578934276
305.0,115.0,0.0,0,-0.02455277987364637,0.03260999722718701
305.0,125.0,0.0,0,-0.028587201297425126,0.033331364945694525
305.0,135.0,0.0,0,-0.033331364945694525,0.033331364945694525
305.0,145.0,0.0,0,-0.03877200064296126,0.03214614876167754
305.0,155.0,0.5990994577706223,1,-0.04474182135395743,0.0291806879730235
305.0,165.0,0.0,0,-0.05082117355921768,0.02383500425436127
305.0,175.0,0.0,0,-0.0562764079083624,0.015816809712487785
305.0,185.0,0.0,0,-0.060145888323772254,0.005567705099204155
305.0,195.0,0.0,0,-0.0615557856760577,-0.005567705099204155
305.0,205.0,0.0,0,-0.060145888323772254,-0.015816809712487785
305.0,215.0,0.0,0,-0.0562764079083624,-0.02383500425436127
305.0,225.0,0.0,0,-0.05082117355921768,-0.0291806879730235
305.0,235.0,0.0,0,-0.04474182135395743,-0.03214614876167754
305.0,245.0,0.0,0,-0.03877200064296126,-0.033331364945694525
305.0,255.0,0.0,0,-0.033331364945694525,-0.033331364945694525
305.0,265.0,0.0,0,-0.028587201297425126,-0.03260999722718701
305.0,275.0,0.0,0,-0.02455277987364637,-0.031487450578934276
305.0,285.0,0.0,0,-0.02116611248330614,-0.03016954650340408
305.0,295.0,0.0,0,-0.018338280128606225,-0.028782334181615944
305.0,305.0,0.0,0,-0.01597836543303096,-0.027399853893034825
305.0,315.0,0.0,0,-0.014004266186700504,-0.02606351339043375
305.0,325.0,0.0,0,-0.012346112244401448,-0.02479474691112885
305.0,335.0,0.0,0,-0.010946243377682624,-0.02360300724571776
305.0,345.0,0.0,0,-0.009757823648359174,-0.02249071755334365
305.0,355.0,0.0,0,-0.008743088533017782,-0.021456304645601294
305.0,365.0,0.0,0,-0.007871657513419276,-0.020496040661925237
305.0,375.0,0.0,0,-0.007119069979391428,-0.019605150316030755
305.0,385.0,0.0,0,-0.0064655771527906344,-0.018778467206422844
315.0,5.0,0.0,0,0.0,0.01895430427182442
315.0,15.0,0.0,0,-0.007911483521079515,0.019746717813512397
315.0,25.0,0.0,0,-0.008713856658613493,0.020588916958706703
315.0,35.0,0.0,0,-0.009635176663011665,0.021481005088700517
315.0,45.0,0.0,0,-0.010697652636758237,0.022420834077099692
315.0,55.0,0.0,0,-0.011928042750299671,0.023402633449716673
315.0,65.0,0.0,0,-0.01335840531521217,0.024414926520527416
315.0,75.0,0.0,0,-0.015026729193765423,0.0254373895275924
315.0,85.0,0.0,0,-0.01697715536443404,0.0264361794589953
315.0,95.0,0.0,0,-0.019259235127330892,0.027357134457720016
315.0,105.0,0.0,0,-0.02192522442396575,0.02811624639837972
315.0,115.0,0.0,0,-0.02502373477269182,0.028587201297425126
315.0,125.0,0.0,0,-0.028587201297425126,0.028587201297425126
315.0,135.0,0.0,0,-0.03260999722718701,0.027865833578917608
315.0,145.0,0.0,0,-0.03701488035757575,0.026108713293532093
315.0,155.0,0.0,0,-0.04161040556848465,0.022977297508059245
315.0,165.0,0.0,0,-0.04605409340110513,0.018210217349946746
315.0,175.0,0.0,0,-0.04985398474272796,0.011787794184312339
315.0,185.0,0.0,0,-0.05244877402454699,0.004090679885087029
315.0,195.0,0.0,0,-0.05337442590588357,-0.004090679885087029
315.0,205.0,0.0,0,-0.05244877402454699,-0.011787794184312339
315.0,215.0,0.0,0,-0.04985398474272796,-0.018210217349946746
315.0,225.0,0.0,0,-0.04605409340110513,-0.022977297508059245
315.0,235.0,0.0,0,-0.04161040556848465,-0.026108713293532093
315.0,245.0,0.0,0,-0.03701488035757575,-0.027865833578917608
315.0,255.0,0.0,0,-0.03260999722718701,-0.028587201297425126
315.0,265.0,0.0,0,-0.028587201297425126,-0.028587201297425126
315.0,275.0,0.0,0,-0.02502373477269182,-0.02811624639837972
315.0,285.0,0.0,0,-0.02192522442396575,-0.027357134457720016
315.0,295.0,0.0,0,-0.019259235127330892,-0.0264361794589953
315.0,305.0,0.0,0,-0.01697715536443404,-0.0254373895275924
315.0,315.0,0.0,0,-0.015026729193765423,-0.024414926520527416
315.0,325.0,0.0,0,-0.01335840531521217,-0.023402633449716673
315.0,335.0,0.0,0,-0.011928042750299671,-0.022420834077099692
315.0,345.0,0.0,0,-0.010697652636758237,-0.021481005088700517
315.0,355.0,0.0,0,-0.009635176663011665,-0.020588916958706703
315.0,365.0,0.0,0,-0.008713856658613493,-0.019746717813512397
315.0,375.0,0.0,0,-0.007911483521079515,-0.01895430427182442
315.0,385.0,0.0,0,-0.007209664074668264,-0.018210217349946767
325.0,5.0,0.0,0,0.0,0.01825500820415169
325.0,15.0,0.0,0,-0.00860386721249132,0.018947391895563565
325.0,25.0,0.0,0,-0.00943774261341407,0.0196712778503641
325.0,35.0,0.0,0,-0.010386866133983718,0.020422967321336128
325.0,45.0,0.0,0,-0.011470453495846899,0.021195768180424745
325.0,55.0,0.0,0,-0.012710868194416794,0.021978593624541933
325.0,65.0,0.0,0,-0.014133787036945863,0.022753975346275632
325.0,75.0,0.0,0,-0.015768042806761164,0.02349528895927137
325.0,85.0,0.0,0,-0.017644839124843114,0.024162972719680494
325.0,95.0,0.0,0,-0.019795840758380163,0.024699578350729764
325.0,105.0,0.0,0,-0.022249380845927855,0.025023734772691774
325.0,115.0,0.0,0,-0.025023734772691774,0.02502373477269182
325.0,125.0,0.0,0,-0.02811624639837972,0.02455277987364637
325.0,135.0,0.0,0,-0.031487450578934276,0.023430233225393688
325.0,145.0,0.0,0,-0.0350409517777834,0.02145630464560125
325.0,155.0,0.0,0,-0.03860359042718837,0.018449489504305056
325.0,165.0,0.0,0,-0.04191639752704875,0.014311793630248652
325.0,175.0,0.0,0,-0.044651998795167035,0.00910980768268771
325.0,185.0,0.0,0,-0.046470938108934656,0.003131971767075403
325.0,195.0,0.0,0,-0.04711048237173283,-0.003131971767075403
325.0,205.0,0.0,0,-0.046470938108934656,-0.00910980768268771
325.0,215.0,0.0,0,-0.044651998795167035,-0.014311793630248652
325.0,225.0,0.0,0,-0.04191639752704875,-0.018449489504305056
325.0,235.0,0.0,0,-0.03860359042718837,-0.02145630464560125
325.0,245.0,0.0,0,-0.0350409517777834,-0.023430233225393688
325.0,255.0,0.0,0,-0.031487450578934276,-0.02455277987364637
325.0,265.0,0.0,0,-0.02811624639837972,-0.02502373477269182
325.0,275.0,0.0,0,-0.025023734772691774,-0.025023734772691774
325.0,285.0,0.0,0,-0.022249380845927855,-0.024699578350729764
325.0,295.0,0.0,0,-0.019795840758380163,-0.024162972719680494
325.0,305.0,0.0,0,-0.017644839124843114,-0.02349528895927137
325.0,315.0,0.0,0,-0.015768042806761164,-0.022753975346275632
325.0,325.0,0.0,0,-0.014133787036945863,-0.021978593624541933
325.0,335.0,0.0,0,-0.012710868194416794,-0.021195768180424745
325.0,345.0,0.0,0,-0.011470453495846899,-0.020422967321336128
325.0,355.0,0.0,0,-0.010386866133983718,-0.0196712778503641
325.0,365.0,0.0,0,-0.00943774261341407,-0.018947391895563565
325.0,375.0,0.0,0,-0.00860386721249132,-0.01825500820415169
325.0,385.0,0.0,0,-0.007868861409113066,-0.01759581086970687
335.0,5.0,0.0,0,0.0,0.017522308895845384
335.0,15.0,0.0,0,-0.009197794412443828,0.01811623609579789
335.0,25.0,0.0,0,-0.010046854380371324,0.018725347862755256
335.0,35.0,0.0,0,-0.011004620043947911,0.019343101772719452
335.0,45.0,0.0,0,-0.012086987592810631,0.019959635869683138
335.0,55.0,0.0,0,-0.013311731988427347,0.02056049966369369
335.0,65.0,0.0,0,-0.01469825688526919,0.021124969512017013
335.0,75.0,0.0,0,-0.01626694346547964,0.02162387017073545
335.0,85.0,0.0,0,-0.018037842624578936,0.022016873670471317
335.0,95.0,0.0,0,-0.0200283479338367,0.02224938084592781
335.0,105.0,0.0,0,-0.02224938084592781,0.022249380845927855
335.0,115.0,0.0,0,-0.024699578350729764,0.02192522442396575
335.0,125.0,0.0,0,-0.027357134457720016,0.02116611248330614
335.0,135.0,0.0,0,-0.03016954650340408,0.019848208407775896
335.0,145.0,0.0,0,-0.033042843554536065,0.017850100184528563
335.0,155.0,0.0,0,-0.03583402797810994,0.015080537735450095
335.0,165.0,0.0,0,-0.03835282102117945,0.011516961229580838
335.0,175.0,0.0,0,-0.04037943946415901,0.007244401898572822
335.0,185.0,0.0,0,-0.04170119948432095,0.002474663273959044
335.0,195.0,0.0,0,-0.04216115582381462,-0.002474663273959044
335.0,205.0,0.0,0,-0.04170119948432095,-0.007244401898572822
335.0,215.0,0.0,0,-0.04037943946415901,-0.011516961229580838
335.0,225.0,0.0,0,-0.03835282102117945,-0.015080537735450095
335.0,235.0,0.0,0,-0.03583402797810994,-0.017850100184528563
335.0,245.0,0.0,0,-0.033042843554536065,-0.019848208407775896
335.0,255.0,0.0,0,-0.03016954650340408,-0.02116611248330614
335.0,265.0,0.0,0,-0.027357134457720016,-0.02192522442396575
335.0,275.0,0.0,0,-0.024699578350729764,-0.022249380845927855
335.0,285.0,0.0,0,-0.02224938084592781,-0.02224938084592781
335.0,295.0,0.0,0,-0.0200283479338367,-0.022016873670471317
335.0,305.0,0.0,0,-0.018037842624578936,-0.02162387017073545
335.0,315.0,0.0,0,-0.01626694346547964,-0.021124969512017013
335.0,325.0,0.0,0,-0.01469825688526919,-0.02056049966369369
335.0,335.0,0.0,0,-0.013311731988427347,-0.019959635869683138
335.0,345.0,0.0,0,-0.012086987592810631,-0.019343101772719452
335.0,355.0,0.0,0,-0.011004620043947911,-0.018725347862755256
335.0,365.0,0.0,0,-0.010046854380371324,-0.01811623609579789
335.0,375.0,0.0,0,-0.009197794412443828,-0.017522308895845384
335.0,385.0,0.0,0,-0.008443441263175781,-0.016947729041782805
345.0,5.0,0.0,0,0.0,0.016769985518856088
345.0,15.0,0.0,0,-0.009697314926121475,0.01726950603253382
345.0,25.0,0.0,0,-0.010547579912598165,0.017770231564760552
345.0,35.0,0.0,0,-0.011498091325745466,0.018263702846558153
345.0,45.0,0.0,0,-0.01256142700577186,0.018738142259519426
345.0,55.0,0.0,0,-0.013750995895344453,0.01917740616643649
345.0,65.0,0.0,0,-0.01508053773545014,0.019559687016617398
345.0,75.0,0.0,0,-0.016563229657331053,0.019855973208468894
345.0,85.0,0.0,0,-0.018210217349946788,0.020028347933836656
345.0,95.0,0.0,0,-0.020028347933836656,0.0200283479338367
345.0,105.0,0.0,0,-0.022016873670471317,0.019795840758380163
345.0,115.0,0.0,0,-0.024162972719680494,0.019259235127330892
345.0,125.0,0.0,0,-0.0264361794589953,0.018338280128606225
345.0,135.0,0.0,0,-0.028782334181615944,0.01695106780681802
345.0,145.0,0.0,0,-0.03111850494148345,0.015026729193765423
345.0,155.0,0.0,0,-0.033331364945694504,0.012524066161350031
345.0,165.0,0.0,0,-0.035282203767454653,0.009453448907625133
345.0,175.0,0.0,0,-0.036821161821201154,0.005895171264667322
345.0,185.0,0.0,0,-0.037810514226861804,0.002004486007208214
345.0,195.0,0.0,0,-0.03815218380939824,-0.002004486007208214
345.0,205.0,0.0,0,-0.037810514226861804,-0.005895171264667322
345.0,215.0,0.0,0,-0.036821161821201154,-0.009453448907625133
345.0,225.0,0.0,0,-0.035282203767454653,-0.012524066161350031
345.0,235.0,0.0,0,-0.033331364945694504,-0.015026729193765423
345.0,245.0,0.0,0,-0.03111850494148345,-0.01695106780681802
345.0,255.0,0.0,0,-0.028782334181615944,-0.018338280128606225
345.0,265.0,0.0,0,-0.0264361794589953,-0.019259235127330892
345.0,275.0,0.0,0,-0.024162972719680494,-0.019795840758380163
345.0,285.0,0.0,0,-0.022016873670471317,-0.0200283479338367
345.0,295.0,0.0,0,-0.020028347933836656,-0.020028347933836656
345.0,305.0,0.0,0,-0.018210217349946788,-0.019855973208468894
345.0,315.0,0.0,0,-0.016563229657331053,-0.019559687016617398
345.0,325.0,0.0,0,-0.01508053773545014,-0.01917740616643649
345.0,335.0,0.0,0,-0.013750995895344453,-0.018738142259519426
345.0,345.0,0.0,0,-0.01256142700577186,-0.018263702846558153
345.0,355.0,0.0,0,-0.011498091325745466,-0.017770231564760552
345.0,365.0,0.0,0,-0.010547579912598165,-0.01726950603253382
345.0,375.0,0.0,0,-0.009697314926121475,-0.016769985518856088
345.0,385.0,0.0,0,-0.008935793134303859,-0.01627763364772801
355.0,5.0,0.0,0,0.0,0.016010187461273494
355.0,15.0,0.0,0,-0.010108287703841133,0.016421160238993062
355.0,25.0,0.0,0,-0.010948242427984124,0.016821822754379066
355.0,35.0,0.0,0,-0.011878883789795052,0.017202615218428606
355.0,45.0,0.0,0,-0.012909699024310554,0.017550887236967298
355.0,55.0,0.0,0,-0.014050208842905676,0.017850100184528518
355.0,65.0,0.0,0,-0.015309352017745631,0.01807891446682401
355.0,75.0,0.0,0,-0.01669453254045383,0.018210217349946746
355.0,85.0,0.0,0,-0.018210217349946746,0.018210217349946788
355.0,95.0,0.0,0,-0.019855973208468894,0.018037842624578936
355.0,105.0,0.0,0,-0.02162387017073545,0.017644839124843114
355.0,115.0,0.0,0,-0.02349528895927137,0.01697715536443404
355.0,125.0,0.0,0,-0.0254373895275924,0.01597836543303096
355.0,135.0,0.0,0,-0.027399853893034825,0.014595885144449972
355.0,145.0,0.0,0,-0.029312976548399976,0.012790356751366496
355.0,155.0,0.0,0,-0.031088588106926125,0.010547579912598077
355.0,165.0,0.0,0,-0.03262534769689134,0.00789072384203483
355.0,175.0,0.0,0,-0.0338192266363961,0.00488878865722977
355.0,185.0,0.0,0,-0.03457832995151448,0.0016566043818824795
355.0,195.0,0.0,0,-0.034838975045633366,-0.0016566043818824795
355.0,205.0,0.0,0,-0.03457832995151448,-0.00488878865722977
355.0,215.0,0.0,0,-0.0338192266363961,-0.00789072384203483
355.0,225.0,0.0,0,-0.03262534769689134,-0.010547579912598077
355.0,235.0,0.0,0,-0.031088588106926125,-0.012790356751366496
355.0,245.0,0.0,0,-0.029312976548399976,-0.014595885144449972
355.0,255.0,0.0,0,-0.027399853893034825,-0.01597836543303096
355.0,265.0,0.0,0,-0.0254373895275924,-0.01697715536443404
355.0,275.0,0.0,0,-0.02349528895927137,-0.017644839124843114
355.0,285.0,0.0,0,-0.02162387017073545,-0.018037842624578936
355.0,295.0,0.0,0,-0.019855973208468894,-0.018210217349946788
355.0,305.0,0.0,0,-0.018210217349946746,-0.018210217349946746
355.0,315.0,0.0,0,-0.01669453254045383,-0.01807891446682401
355.0,325.0,0.0,0,-0.015309352017745631,-0.017850100184528518
355.0,335.0,0.0,0,-0.014050208842905676,-0.017550887236967298
355.0,345.0,0.0,0,-0.012909699024310554,-0.017202615218428606
355.0,355.0,0.0,0,-0.011878883789795052,-0.016821822754379066
355.0,365.0,0.0,0,-0.010948242427984124,-0.016421160238993062
355.0,375.0,0.0,0,-0.010108287703841133,-0.016010187461273494
355.0,385.0,0.0,0,-0.009349939754735916,-0.01559604084084135
365.0,5.0,0.0,0,0.0,0.015253252828762299
365.0,15.0,0.0,0,-0.010437759194285186,0.015582724319206352
365.0,25.0,0.0,0,-0.011258290721727841,0.015892772612950072
365.0,35.0,0.0,0,-0.012159514562004788,0.016173403385159806
365.0,45.0,0.0,0,-0.013148188751269194,0.016411893112118447
365.0,55.0,0.0,0,-0.014230545104790712,0.016592229374003484
365.0,65.0,0.0,0,-0.015411655184195933,0.01669453254045383
365.0,75.0,0.0,0,-0.01669453254045383,0.01669453254045383
365.0,85.0,0.0,0,-0.01807891446682401,0.016563229657331053
365.0,95.0,0.0,0,-0.019559687016617398,0.01626694346547964
365.0,105.0,0.0,0,-0.021124969512017013,0.015768042806761164
365.0,115.0,0.0,0,-0.022753975346275632,0.015026729193765423
365.0,125.0,0.0,0,-0.024414926520527416,0.014004266186700504
365.0,135.0,0.0,0,-0.02606351339043375,0.01266792568409943
365.0,145.0,0.0,0,-0.02764261115324953,0.010997560288948941
365.0,155.0,0.0,0,-0.029084082524794358,0.008993054706817199
365.0,165.0,0.0,0,-0.030313350123312682,0.006681057133238527
365.0,175.0,0.0,0,-0.03125686577886466,0.004118696275707044
365.0,185.0,0.0,0,-0.0318516438532785,0.0013920101774710634
365.0,195.0,0.0,0,-0.03205495469069124,-0.0013920101774710634
365.0,205.0,0.0,0,-0.0318516438532785,-0.004118696275707044
365.0,215.0,0.0,0,-0.03125686577886466,-0.006681057133238527
365.0,225.0,0.0,0,-0.030313350123312682,-0.008993054706817199
365.0,235.0,0.0,0,-0.029084082524794358,-0.010997560288948941
365.0,245.0,0.0,0,-0.02764261115324953,-0.01266792568409943
365.0,255.0,0.0,0,-0.02606351339043375,-0.014004266186700504
365.0,265.0,0.0,0,-0.024414926520527416,-0.015026729193765423
365.0,275.0,0.0,0,-0.022753975346275632,-0.015768042806761164
365.0,285.0,0.0,0,-0.021124969512017013,-0.01626694346547964
365.0,295.0,0.0,0,-0.019559687016617398,-0.016563229657331053
365.0,305.0,0.0,0,-0.01807891446682401,-0.01669453254045383
365.0,315.0,0.0,0,-0.01669453254045383,-0.01669453254045383
365.0,325.0,0.0,0,-0.015411655184195933,-0.016592229374003484
365.0,335.0,0.0,0,-0.014230545104790712,-0.016411893112118447
365.0,345.0,0.0,0,-0.013148188751269194,-0.016173403385159806
365.0,355.0,0.0,0,-0.012159514562004788,-0.015892772612950072
365.0,365.0,0.0,0,-0.011258290721727841,-0.015582724319206352
365.0,375.0,0.0,0,-0.010437759194285186,-0.015253252828762299
365.0,385.0,0.0,0,-0.009691065063821,-0.014912127519677215
375.0,5.0,0.0,0,0.0,0.014507675637178799
375.0,15.0,0.0,0,-0.010693426321235853,0.014763342764129463
375.0,25.0,0.0,0,-0.011487634732880754,0.014992686775282375
375.0,35.0,0.0,0,-0.01235261293017817,0.015185785143455713
375.0,45.0,0.0,0,-0.013292810266551472,0.015330406658738036
375.0,55.0,0.0,0,-0.014311793630248652,0.015411655184195933
375.0,65.0,0.0,0,-0.015411655184195933,0.015411655184195933
375.0,75.0,0.0,0,-0.016592229374003484,0.015309352017745631
375.0,85.0,0.0,0,-0.017850100184528518,0.01508053773545014
375.0,95.0,0.0,0,-0.01917740616643649,0.01469825688526919
375.0,105.0,0.0,0,-0.02056049966369369,0.014133787036945863
375.0,115.0,0.0,0,-0.021978593624541933,0.01335840531521217
375.0,125.0,0.0,0,-0.023402633449716673,0.012346112244401448
375.0,135.0,0.0,0,-0.02479474691112885,0.011077345765096457
375.0,145.0,0.0,0,-0.026108713293532093,0.009543447905379084
375.0,155.0,0.0,0,-0.027291889028687583,0.0077512544092723495
375.0,165.0,0.0,0,-0.02828885676293478,0.0057267610488944
375.0,175.0,0.0,0,-0.029046685958383445,0.0035165812284131273
375.0,185.0,0.0,0,-0.029521155442957997,0.001186092818092604
375.0,195.0,0.0,0,-0.02968276905450588,-0.001186092818092604
375.0,205.0,0.0,0,-0.029521155442957997,-0.0035165812284131273
375.0,215.0,0.0,0,-0.029046685958383445,-0.0057267610488944
375.0,225.0,0.0,0,-0.02828885676293478,-0.0077512544092723495
375.0,235.0,0.0,0,-0.027291889028687583,-0.009543447905379084
375.0,245.0,0.0,0,-0.026108713293532093,-0.011077345765096457
375.0,255.0,0.0,0,-0.02479474691112885,-0.012346112244401448
375.0,265.0,0.0,0,-0.023402633449716673,-0.01335840531521217
375.0,275.0,0.0,0,-0.021978593624541933,-0.014133787036945863
375.0,285.0,0.0,0,-0.02056049966369369,-0.01469825688526919
375.0,295.0,0.0,0,-0.01917740616643649,-0.01508053773545014
375.0,305.0,0.0,0,-0.017850100184528518,-0.015309352017745631
375.0,315.0,0.0,0,-0.016592229374003484,-0.015411655184195933
375.0,325.0,0.0,0,-0.015411655184195933,-0.015411655184195933
375.0,335.0,0.0,0,-0.014311793630248652,-0.015330406658738036
375.0,345.0,0.0,0,-0.013292810266551472,-0.015185785143455713
375.0,355.0,0.0,0,-0.01235261293017817,-0.014992686775282375
375.0,365.0,0.0,0,-0.011487634732880754,-0.014763342764129463
375.0,375.0,0.0,0,-0.010693426321235853,-0.014507675637178799
375.0,385.0,0.0,0,-0.009965087707560934,-0.014233652993438862
385.0,5.0,0.0,0,0.0,0.013780183741634953
385.0,15.0,0.0,0,-0.010883201887124546,0.013969959307523646
385.0,25.0,0.0,0,-0.011646137392505912,0.014128461967148806
385.0,35.0,0.0,0,-0.01247034954461732,0.014246198581587955
385.0,45.0,0.0,0,-0.01335840531521217,0.014311793630248607
385.0,55.0,0.0,0,-0.014311793630248607,0.014311793630248652
385.0,65.0,0.0,0,-0.015330406658738036,0.014230545104790712
385.0,75.0,0.0,0,-0.016411893112118447,0.014050208842905676
385.0,85.0,0.0,0,-0.017550887236967298,0.013750995895344453
385.0,95.0,0.0,0,-0.018738142259519426,0.013311731988427347
385.0,105.0,0.0,0,-0.019959635869683138,0.012710868194416794
385.0,115.0,0.0,0,-0.021195768180424745,0.011928042750299671
385.0,125.0,0.0,0,-0.022420834077099692,0.010946243377682624
385.0,135.0,0.0,0,-0.02360300724571776,0.00975450371227156
385.0,145.0,0.0,0,-0.024705096178591394,0.00835088659733086
385.0,155.0,0.0,0,-0.025686288432909266,0.0067452860015525685
385.0,165.0,0.0,0,-0.026504957831888238,0.004961387070506032
385.0,175.0,0.0,0,-0.027122366107461382,0.0030370672195839856
385.0,185.0,0.0,0,-0.027506791469765018,0.001022703246391031
385.0,195.0,0.0,0,-0.027637362561723895,-0.001022703246391031
385.0,205.0,0.0,0,-0.027506791469765018,-0.0030370672195839856
385.0,215.0,0.0,0,-0.027122366107461382,-0.004961387070506032
385.0,225.0,0.0,0,-0.026504957831888238,-0.0067452860015525685
385.0,235.0,0.0,0,-0.025686288432909266,-0.00835088659733086
385.0,245.0,0.0,0,-0.024705096178591394,-0.00975450371227156
385.0,255.0,0.0,0,-0.02360300724571776,-0.010946243377682624
385.0,265.0,0.0,0,-0.022420834077099692,-0.011928042750299671
385.0,275.0,0.0,0,-0.021195768180424745,-0.012710868194416794
385.0,285.0,0.0,0,-0.019959635869683138,-0.013311731988427347
385.0,295.0,0.0,0,-0.018738142259519426,-0.013750995895344453
385.0,305.0,0.0,0,-0.017550887236967298,-0.014050208842905676
385.0,315.0,0.0,0,-0.016411893112118447,-0.014230545104790712
385.0,325.0,0.0,0,-0.015330406658738036,-0.014311793630248652
385.0,335.0,0.0,0,-0.014311793630248607,-0.014311793630248607
385.0,345.0,0.0,0,-0.01335840531521217,-0.014246198581587955
385.0,355.0,0.0,0,-0.01247034954461732,-0.014128461967148806
385.0,365.0,0.0,0,-0.011646137392505912,-0.013969959307523646
385.0,375.0,0.0,0,-0.010883201887124546,-0.013780183741634953
385.0,385.0,0.0,0,-0.010178299149126022,-0.013566972300069865
