X,Y,Concentrations,Migration_front,Vx,Vy
5.0,5.0,0.0,0,-0.32287807415642455,0.2176485054642273
5.0,15.0,0.0,0,-0.3669922796707718,0.2176485054642273
5.0,25.0,0.0,0,-0.368793139242319,0.2176485054642273
5.0,35.0,0.0,0,-0.370634511892639,0.2176485054642273
5.0,45.0,0.0,0,-0.372507938417156,0.2176485054642273
5.0,55.0,0.0,0,-0.3744028417048405,0.2176485054642273
5.0,65.0,0.0,0,-0.3763062797148817,0.2176485054642273
5.0,75.0,0.0,0,-0.3782027271557712,0.2176485054642273
5.0,85.0,0.0,0,-0.38007391492685333,0.2176485054642273
5.0,95.0,0.0,0,-0.38189876494156993,0.2176485054642273
5.0,105.0,0.0,0,-0.3836534655313745,0.2176485054642273
5.0,115.0,0.0,0,-0.3853117369140431,0.2176485054642273
5.0,125.0,0.0,0,-0.3868453341194232,0.2176485054642273
5.0,135.0,0.0,0,-0.3882248229284506,0.2176485054642273
5.0,145.0,0.0,0,-0.38942064012412253,0.2176485054642273
5.0,155.0,0.0,0,-0.3904044121503658,0.2176485054642273
5.0,165.0,0.0,0,-0.39115045928746045,0.2176485054642273
5.0,175.0,0.0,0,-0.3916373634229161,0.2176485054642273
5.0,185.0,0.0,0,-0.39184943810569567,0.2176485054642273
5.0,195.0,0.0,0,-0.3917779227136172,0.2176485054642273
5.0,205.0,0.0,0,-0.39142173793131935,0.2176485054642273
5.0,215.0,0.0,0,-0.390787689311875,0.2176485054642273
5.0,225.0,0.0,0,-0.38989008141230874,0.2176485054642273
5.0,235.0,0.0,0,-0.38874979024484624,0.2176485054642273
5.0,245.0,0.0,0,-0.3873929166408653,0.2176485054642273
5.0,255.0,0.0,0,-0.385849191073756,0.2176485054642273
5.0,265.0,0.0,0,-0.3841503136452979,0.2176485054642273
5.0,275.0,0.0,0,-0.3823283935312497,0.2176485054642273
5.0,285.0,0.0,0,-0.38041461016583034,0.2176485054642273
5.0,295.0,0.0,0,-0.37843816697452726,0.2176485054642273
5.0,305.0,0.0,0,-0.37642555943878836,0.2176485054642273
5.0,315.0,0.0,0,-0.3744001405882682,0.2176485054642273
5.0,325.0,0.0,0,-0.37238194190050006,0.2176485054642273
5.0,335.0,0.0,0,-0.3703876955129577,0.2176485054642273
5.0,345.0,0.0,0,-0.36843100187260464,0.2176485054642273
5.0,355.0,0.0,0,-0.3665225919723643,0.2176485054642273
5.0,365.0,0.0,0,-0.3646706419282963,0.2176485054642273
5.0,375.0,0.0,0,-0.362881107374605,0.2176485054642273
5.0,385.0,0.0,0,-0.3611580544014734,0.2176485054642273
15.0,5.0,0.0,0,-0.32287807415642455,0.18442794540509674
15.0,15.0,0.0,0,-0.36749806601782087,0.18493373175214578
15.0,25.0,0.0,0,-0.3694234501706348,0.18556404268046153
15.0,35.0,0.0,0,-0.37140179280429975,0.1863313235921224
15.0,45.0,0.0,0,-0.37342492499340924,0.18724831016837556
15.0,55.0,0.0,0,-0.37548227703071807,0.18832774549425313
15.0,65.0,0.0,0,-0.37756053069684864,0.1895819964762202
15.0,75.0,0.0,0,-0.3796432839305216,0.19102255325097048
15.0,85.0,0.0,0,-0.3817107616759503,0.19265940000006765
15.0,95.0,0.0,0,-0.38373962024985114,0.1945002553083486
15.0,105.0,0.0,0,-0.38570290656928735,0.19654969634626174
15.0,115.0,0.0,0,-0.3875702449415204,0.19880820437373892
15.0,125.0,0.0,0,-0.3893083281235105,0.20127119837782653
15.0,135.0,0.0,0,-0.3908817800570418,0.20392815550641763
15.0,145.0,0.0,0,-0.39225442923202364,0.2067619446143188
15.0,155.0,0.0,0,-0.3933909807467036,0.20974851321065655
15.0,165.0,0.0,0,-0.39425900424496274,0.21285705816815878
15.0,175.0,0.0,0,-0.39483107471173234,0.21605076945697493
15.0,185.0,0.0,0,-0.39508683262939015,0.2192881639806695
15.0,195.0,0.0,0,-0.39501469253935106,0.22252493380640356
15.0,205.0,0.0,0,-0.39461294407262515,0.22571613994770928
15.0,215.0,0.0,0,-0.39389006333511634,0.22881851397095065
15.0,225.0,0.0,0,-0.39286417271479823,0.23179260527343998
15.0,235.0,0.0,0,-0.39156172461920297,0.23460453964779682
15.0,245.0,0.0,0,-0.39001560363222965,0.23722722663916118
15.0,255.0,0.0,0,-0.388262913140833,0.23964094870623825
15.0,265.0,0.0,0,-0.3863427244442013,0.24183335950514182
15.0,275.0,0.0,0,-0.3842940253920908,0.24379899136598282
15.0,285.0,0.0,0,-0.3821540315472778,0.24553841274743043
15.0,295.0,0.0,0,-0.3799569393953823,0.2470571851682853
15.0,305.0,0.0,0,-0.3777331275677586,0.24836475329725569
15.0,315.0,0.0,0,-0.37550875929637084,0.24947337200535818
15.0,325.0,0.0,0,-0.3733057098941043,0.2503971399989625
15.0,335.0,0.0,0,-0.3711417336411747,0.25115117812717946
15.0,345.0,0.0,0,-0.36903078908984466,0.2517509653444195
15.0,355.0,0.0,0,-0.366983454333456,0.2522118277055112
15.0,365.0,0.0,0,-0.3650073792930774,0.2525485650702922
15.0,375.0,0.0,0,-0.3631077372766081,0.25277519497229534
15.0,385.0,0.0,0,-0.3612876511811807,0.2529047917520028
25.0,5.0,0.0,0,-0.32287807415642455,0.18256090736965475
25.0,15.0,0.0,0,-0.36794449735099877,0.18300733870283276
25.0,25.0,0.0,0,-0.3700004594762654,0.18358434800846313
25.0,35.0,0.0,0,-0.3721238843479728,0.18430643955213613
25.0,45.0,0.0,0,-0.3743072333492655,0.18518874790799256
25.0,55.0,0.0,0,-0.3765402955401346,0.18624676641740906
25.0,65.0,0.0,0,-0.37880971742002545,0.18749595314058576
25.0,75.0,0.0,0,-0.38109851718140203,0.18895118639146616
25.0,85.0,0.0,0,-0.38338561973449253,0.19062604445000836
25.0,95.0,0.0,0,-0.38564546888549656,0.19253189308565408
25.0,105.0,0.0,0,-0.38784779650092516,0.19467678301729147
25.0,115.0,0.0,0,-0.38995765169625307,0.19706418977202436
25.0,125.0,0.0,0,-0.3919358093642682,0.19969167101278174
25.0,135.0,0.0,0,-0.3937396768548198,0.2025495678105598
25.0,145.0,0.0,0,-0.39532478880540817,0.20561992738394438
25.0,155.0,0.0,0,-0.3966469136169829,0.20887586025422367
25.0,165.0,0.0,0,-0.3976646896507382,0.2122815456599992
25.0,175.0,0.0,0,-0.3983425781469078,0.21579304909517466
25.0,185.0,0.0,0,-0.398653793569088,0.21936001003487252
25.0,195.0,0.0,0,-0.39858279286051873,0.22292811035604007
25.0,205.0,0.0,0,-0.39812691237524106,0.22644207865865604
25.0,215.0,0.0,0,-0.3972968520995262,0.22984886742306584
25.0,225.0,0.0,0,-0.3961159023385374,0.2331005970468051
25.0,235.0,0.0,0,-0.39461803583720634,0.2361569082648085
25.0,245.0,0.0,0,-0.3928451821798022,0.23898648681238105
25.0,255.0,0.0,0,-0.39084410900187977,0.24156768267342799
25.0,265.0,0.0,0,-0.3886633375633325,0.24388829579255886
25.0,275.0,0.0,0,-0.38635043615786097,0.24594470655832926
25.0,285.0,0.0,0,-0.38394990363920295,0.24774057865025398
25.0,295.0,0.0,0,-0.38150171985628895,0.2492853591111611
25.0,305.0,0.0,0,-0.3790405308661202,0.25059276240952266
25.0,315.0,0.0,0,-0.37659536796291987,0.2516793710760717
25.0,325.0,0.0,0,-0.3741897696979896,0.25256343087995703
25.0,335.0,0.0,0,-0.3718421757066959,0.2532638729454782
25.0,345.0,0.0,0,-0.3695664785692527,0.2537995624248862
25.0,355.0,0.0,0,-0.36737264496531974,0.2541887530567499
25.0,365.0,0.0,0,-0.3652673430370221,0.2544487168006945
25.0,375.0,0.0,0,-0.36325453526254053,0.2545955147866271
25.0,385.0,0.0,0,-0.3613360137297668,0.25464387733521304
35.0,5.0,0.0,0,-0.32287807415642455,0.18057714268023206
35.0,15.0,0.0,0,-0.3683178586613073,0.18095050399054066
35.0,25.0,0.0,0,-0.3705096342848767,0.18145967879915215
35.0,35.0,0.0,0,-0.3727856074373904,0.18212140188856973
35.0,45.0,0.0,0,-0.37513930526271183,0.18295347380201596
35.0,55.0,0.0,0,-0.3775613491664712,0.1839745274283526
35.0,65.0,0.0,0,-0.38003884202437743,0.1852036520327047
35.0,75.0,0.0,0,-0.382554696550491,0.1866598314017938
35.0,85.0,0.0,0,-0.3850869387391548,0.18836115040645593
35.0,95.0,0.0,0,-0.38760804807000115,0.19032372959096036
35.0,105.0,0.0,0,-0.3900844325117296,0.19256036560176493
35.0,115.0,0.0,0,-0.39247617805619983,0.19507889196171163
35.0,125.0,0.0,0,-0.3947372511389813,0.19788033373642483
35.0,135.0,0.0,0,-0.39681635275908483,0.20095700964068977
35.0,145.0,0.0,0,-0.398658604377667,0.20429082521294853
35.0,155.0,0.0,0,-0.4002081659380847,0.2078520775340504
35.0,165.0,0.0,0,-0.4014117337342196,0.2115991216175318
35.0,175.0,0.0,0,-0.40222265264626117,0.2154791961168852
35.0,185.0,0.0,0,-0.4026051502510252,0.21943055279882248
35.0,195.0,0.0,0,-0.4025380363596327,0.2233857962979363
35.0,205.0,0.0,0,-0.4020171913852503,0.2272760753079456
35.0,215.0,0.0,0,-0.4010563340221438,0.23103555723056324
35.0,225.0,0.0,0,-0.39968588575987773,0.2346055406519036
35.0,235.0,0.0,0,-0.3979501391401603,0.23793764395485759
35.0,245.0,0.0,0,-0.3959032613293475,0.24099572310440287
35.0,255.0,0.0,0,-0.39360482720184187,0.2437564413043648
35.0,265.0,0.0,0,-0.391115549998531,0.2462086537395635
35.0,275.0,0.0,0,-0.38849370689759655,0.24835192447929905
35.0,285.0,0.0,0,-0.3857925230637456,0.2501945439038419
35.0,295.0,0.0,0,-0.38305855854640114,0.25175138259395374
35.0,305.0,0.0,0,-0.3803309851662793,0.25304183689411286
35.0,315.0,0.0,0,-0.377641557912743,0.25408802684393605
35.0,325.0,0.0,0,-0.37501506559161973,0.25491332273756634
35.0,335.0,0.0,0,-0.37247006654146303,0.2555412135723335
35.0,345.0,0.0,0,-0.3700197558041008,0.2559944908071815
35.0,355.0,0.0,0,-0.3676728546399302,0.25629470048179204
35.0,365.0,0.0,0,-0.3654344528254395,0.2564618102702095
35.0,375.0,0.0,0,-0.3633067651211888,0.2565140401288578
35.0,385.0,0.0,0,-0.3612897853025576,0.2564678117016486
45.0,5.0,0.0,0,-0.32287807415642455,0.1784733146072965
45.0,15.0,0.0,0,-0.3686026008686744,0.17875805681466345
45.0,25.0,0.0,0,-0.3709342192940499,0.1791826418238369
45.0,35.0,0.0,0,-0.37336912366612446,0.17976615805257076
45.0,45.0,0.0,0,-0.3759024464040249,0.18052929919388394
45.0,55.0,0.0,0,-0.3785262563082781,0.1814942063356908
45.0,65.0,0.0,0,-0.38122878966894297,0.18268415398025617
45.0,75.0,0.0,0,-0.38399356030787957,0.18412301773764472
45.0,85.0,0.0,0,-0.38679837126308464,0.18583445026157472
45.0,95.0,0.0,0,-0.3896142860226856,0.18784068821425917
45.0,105.0,0.0,0,-0.3924046693205466,0.1901609250230761
45.0,115.0,0.0,0,-0.3951244758186139,0.19280922278549023
45.0,125.0,0.0,0,-0.3977200411283178,0.19579201277482658
45.0,135.0,0.0,0,-0.4001296928698012,0.19910535288554299
45.0,145.0,0.0,0,-0.40228551446429783,0.20273226297217387
45.0,155.0,0.0,0,-0.4041165158382893,0.2066406128723785
45.0,165.0,0.0,0,-0.4055532551858242,0.21078213432398302
45.0,175.0,0.0,0,-0.40653361332288285,0.21509309500060467
45.0,185.0,0.0,0,-0.40700901304860393,0.21949695779818337
45.0,195.0,0.0,0,-0.4069500389173633,0.22390896035591412
45.0,205.0,0.0,0,-0.40635031541161803,0.2282420843822818
45.0,215.0,0.0,0,-0.40522775186964616,0.2324135022297841
45.0,225.0,0.0,0,-0.40362282620022977,0.23635044267013605
45.0,235.0,0.0,0,-0.4015942684988232,0.2399945720287989
45.0,245.0,0.0,0,-0.39921306598283585,0.24330437668228738
45.0,255.0,0.0,0,-0.3965559547106041,0.24625550419104952
45.0,265.0,0.0,0,-0.39369945768279696,0.2488394118753155
45.0,275.0,0.0,0,-0.3907151823999434,0.25106088737766236
45.0,285.0,0.0,0,-0.38766667243287556,0.25293503674679224
45.0,295.0,0.0,0,-0.3846077567736955,0.2544842349740865
45.0,305.0,0.0,0,-0.38158212460656005,0.25573537441436744
45.0,315.0,0.0,0,-0.3786237710962014,0.25671758759782587
45.0,325.0,0.0,0,-0.375757973909989,0.25746049591619496
45.0,335.0,0.0,0,-0.37300252489834285,0.2579929542730748
45.0,345.0,0.0,0,-0.37036902071034516,0.25834221917931927
45.0,355.0,0.0,0,-0.3678640887103242,0.25853345324971316
45.0,365.0,0.0,0,-0.3654904812884005,0.25858948171267426
45.0,375.0,0.0,0,-0.3632480112400544,0.25853072783153963
45.0,385.0,0.0,0,-0.36113432585389244,0.25837526838287456
55.0,5.0,0.0,0,-0.32287807415642455,0.17624735002220815
55.0,15.0,0.0,0,-0.3687812955954682,0.1764260447490018
55.0,25.0,0.0,0,-0.3712551186334306,0.1767469440883824
55.0,35.0,0.0,0,-0.37385371438194764,0.17723153480420564
55.0,45.0,0.0,0,-0.3765744650915953,0.17790355349177603
55.0,55.0,0.0,0,-0.3794116558191756,0.17878895300267342
55.0,65.0,0.0,0,-0.3823555496198773,0.17991571295360784
55.0,75.0,0.0,0,-0.3853912589041941,0.1813134115499224
55.0,85.0,0.0,0,-0.38849741036753577,0.18301245065437338
55.0,95.0,0.0,0,-0.3916446401520988,0.18504280478378665
55.0,105.0,0.0,0,-0.39479402376179845,0.1874321592250387
55.0,115.0,0.0,0,-0.39789564773584585,0.19020333114227062
55.0,125.0,0.0,0,-0.40088766387097735,0.19337095388493025
55.0,135.0,0.0,0,-0.40369630881200547,0.1969375698271345
55.0,145.0,0.0,0,-0.4062374686323153,0.2008895239951519
55.0,155.0,0.0,0,-0.4084203339936932,0.20519334215055576
55.0,165.0,0.0,0,-0.41015343089726447,0.20979351786199607
55.0,175.0,0.0,0,-0.4113527756853086,0.21461268022442176
55.0,185.0,0.0,0,-0.411951165827347,0.21955483300316475
55.0,195.0,0.0,0,-0.4119069242665006,0.22451171835230213
55.0,205.0,0.0,0,-0.4112101161009244,0.22937151904160846
55.0,215.0,0.0,0,-0.40988462174445295,0.23402838891641523
55.0,225.0,0.0,0,-0.40798545513619444,0.23839101785237993
55.0,235.0,0.0,0,-0.4055919837396545,0.24238873309321118
55.0,245.0,0.0,0,-0.4027987066831135,0.24597437379348874
55.0,255.0,0.0,0,-0.39970560375730235,0.24912402284018698
55.0,265.0,0.0,0,-0.39640975696390807,0.25183432212129814
55.0,275.0,0.0,0,-0.3929992390850986,0.25411837880645316
55.0,285.0,0.0,0,-0.3895495134470268,0.2560012198206047
55.0,295.0,0.0,0,-0.3861220414517714,0.2575155044986806
55.0,305.0,0.0,0,-0.38276452579916587,0.25869790569128626
55.0,315.0,0.0,0,-0.3795121790499283,0.2595863136450131
55.0,325.0,0.0,0,-0.3763895035992543,0.26021784333427855
55.0,335.0,0.0,0,-0.3734122140666669,0.26062753250260245
55.0,345.0,0.0,0,-0.3705890721344527,0.26084758392671
55.0,355.0,0.0,0,-0.36792351281682983,0.26090700803321565
55.0,365.0,0.0,0,-0.3654150156459513,0.26083154239076634
55.0,375.0,0.0,0,-0.3630602195143181,0.26064375066503
55.0,385.0,0.0,0,-0.36085380391864913,0.26036322872978673
65.0,5.0,0.0,0,-0.32287807415642455,0.17389882608216362
65.0,15.0,0.0,0,-0.36883466356484795,0.1739521940515435
65.0,25.0,0.0,0,-0.37145085711425896,0.1741479325323718
65.0,35.0,0.0,0,-0.374215639023548,0.17450985717397227
65.0,45.0,0.0,0,-0.3771293791774445,0.17506477125982128
65.0,55.0,0.0,0,-0.38018949973640703,0.1758426151770529
65.0,65.0,0.0,0,-0.3833894181801938,0.1768764837373694
65.0,75.0,0.0,0,-0.38671718588448667,0.178202410717662
65.0,85.0,0.0,0,-0.3901537744562136,0.17985877480633986
65.0,95.0,0.0,0,-0.3936709963118064,0.18188513096604747
65.0,105.0,0.0,0,-0.39722912246302855,0.18432022966727762
65.0,115.0,0.0,0,-0.4007743986485681,0.18719898057999965
65.0,125.0,0.0,0,-0.40423687341091025,0.19054819011993268
65.0,135.0,0.0,0,-0.40752922526533825,0.19438110657326543
65.0,145.0,0.0,0,-0.4105475435805226,0.1986911815214728
65.0,155.0,0.0,0,-0.4131751336380413,0.2034459811658208
65.0,165.0,0.0,0,-0.41529016897400817,0.2085827192425646
65.0,175.0,0.0,0,-0.41677721897336373,0.2140071625306197
65.0,185.0,0.0,0,-0.4175413611411941,0.2195973578444669
65.0,195.0,0.0,0,-0.4175221510472189,0.22521258462518515
65.0,205.0,0.0,0,-0.41670391109195287,0.23070637961621368
65.0,215.0,0.0,0,-0.4151192923965025,0.23594105026826337
65.0,225.0,0.0,0,-0.4128449208804097,0.24080051601247868
65.0,235.0,0.0,0,-0.4099903788576235,0.24519891113044778
65.0,245.0,0.0,0,-0.406683623353107,0.2490838278004411
65.0,255.0,0.0,0,-0.4030564226036011,0.25243464664674004
65.0,265.0,0.0,0,-0.39923256315689204,0.25525745283972395
65.0,275.0,0.0,0,-0.395320124350268,0.25757833810489333
65.0,285.0,0.0,0,-0.39140777978213454,0.259436604440001
65.0,295.0,0.0,0,-0.3875642746605377,0.26087883764876735
65.0,305.0,0.0,0,-0.3838399698147994,0.261954281664401
65.0,315.0,0.0,0,-0.3802694540503312,0.26271155666480384
65.0,325.0,0.0,0,-0.3768744947046222,0.26319654777017165
65.0,335.0,0.0,0,-0.3736668751586497,0.2634512088621546
65.0,345.0,0.0,0,-0.37065088892955755,0.2635130256572593
65.0,355.0,0.0,0,-0.36782540787070567,0.2634149207111352
65.0,365.0,0.0,0,-0.3651855279790273,0.2631854330442114
65.0,375.0,0.0,0,-0.3627238387051841,0.2628490522350773
65.0,385.0,0.0,0,-0.36043137711965545,0.2624266254360837
75.0,5.0,0.0,0,-0.32287807415642455,0.17142939737549623
75.0,15.0,0.0,0,-0.36874170158208575,0.171336435392734
75.0,25.0,0.0,0,-0.37149765620933406,0.171383234487809
75.0,35.0,0.0,0,-0.3744281209817374,0.17159571644599836
75.0,45.0,0.0,0,-0.37753725390356474,0.17200359117211883
75.0,55.0,0.0,0,-0.38082666135600285,0.17264075279171448
75.0,65.0,0.0,0,-0.3842942680380695,0.1735456026495902
75.0,75.0,0.0,0,-0.38793277454663777,0.1747611913117412
75.0,85.0,0.0,0,-0.3917275855779565,0.1763350024334842
75.0,95.0,0.0,0,-0.3956541033792618,0.17831810950093968
75.0,105.0,0.0,0,-0.3996743453080739,0.18076333234598493
75.0,115.0,0.0,0,-0.40373300249923244,0.18372193619664942
75.0,125.0,0.0,0,-0.4077533559788913,0.1872384187646302
75.0,135.0,0.0,0,-0.41163393378186147,0.19134312728115357
75.0,145.0,0.0,0,-0.41524737692910396,0.19604296062973495
75.0,155.0,0.0,0,-0.4184434742809351,0.2013113012726287
75.0,165.0,0.0,0,-0.42105830956923257,0.20707944186785315
75.0,175.0,0.0,0,-0.42293042102597367,0.2132326439204632
75.0,185.0,0.0,0,-0.4239225667507021,0.21961384952997123
75.0,195.0,0.0,0,-0.4239446957434576,0.22603639422620994
75.0,205.0,0.0,0,-0.42297160908342546,0.23230409221768253
75.0,215.0,0.0,0,-0.4210493098499771,0.23823410967115707
75.0,225.0,0.0,0,-0.41828761419881366,0.2436768029895613
75.0,235.0,0.0,0,-0.4148415376992155,0.24852796183115303
75.0,245.0,0.0,0,-0.4108875349886325,0.2527318734666788
75.0,255.0,0.0,0,-0.40660116641268307,0.25627661727576084
75.0,265.0,0.0,0,-0.4021406251299274,0.25918467924879596
75.0,275.0,0.0,0,-0.3976375373358567,0.26150209223438475
75.0,285.0,0.0,0,-0.39319411439929375,0.2632884268515438
75.0,295.0,0.0,0,-0.3888846709704471,0.26460882316145334
75.0,305.0,0.0,0,-0.3847594920820385,0.26552834542869247
75.0,315.0,0.0,0,-0.380849518898516,0.2661084102768772
75.0,325.0,0.0,0,-0.3771709099377283,0.2664048255099833
75.0,335.0,0.0,0,-0.37372901125056796,0.2664669616019014
75.0,345.0,0.0,0,-0.37052158176867517,0.26633765444101914
75.0,355.0,0.0,0,-0.36754129274989766,0.2660535393202112
75.0,365.0,0.0,0,-0.36477759796016246,0.2656456093013462
75.0,375.0,0.0,0,-0.3622180937560662,0.26513986435222836
75.0,385.0,0.0,0,-0.3598494830835835,0.2645579703161564
85.0,5.0,0.0,0,-0.32287807415642455,0.16884324710036802
85.0,15.0,0.0,0,-0.3684799328100804,0.16858147832836282
85.0,25.0,0.0,0,-0.3713696630161725,0.16845348513520125
85.0,35.0,0.0,0,-0.374461517968245,0.16848688212170898
85.0,45.0,0.0,0,-0.3777642518619601,0.16871388008010413
85.0,55.0,0.0,0,-0.3812847677990807,0.16917198652318216
85.0,65.0,0.0,0,-0.3850270199969125,0.1699047384820252
85.0,75.0,0.0,0,-0.38899041112175925,0.17096237505714676
85.0,85.0,0.0,0,-0.39316747608892066,0.17240226556811075
85.0,95.0,0.0,0,-0.3975406049236278,0.17428876711247682
85.0,105.0,0.0,0,-0.40207756703613196,0.17669198884053486
85.0,115.0,0.0,0,-0.4067257260507068,0.17968471239200923
85.0,125.0,0.0,0,-0.4114051843928376,0.18333654080595585
85.0,135.0,0.0,0,-0.41600179364906725,0.18770440067316144
85.0,145.0,0.0,0,-0.4203620651669351,0.19281908891099253
85.0,155.0,0.0,0,-0.42429331389271985,0.19866892852277737
85.0,165.0,0.0,0,-0.42757316466937656,0.20518378362292114
85.0,175.0,0.0,0,-0.42997160339162926,0.21222496598857682
85.0,185.0,0.0,0,-0.43128493152121233,0.21958733075908707
85.0,195.0,0.0,0,-0.43137473230832163,0.227017367323951
85.0,205.0,0.0,0,-0.4301994864568173,0.2342452446973428
85.0,215.0,0.0,0,-0.427826401761098,0.24102233660846378
85.0,225.0,0.0,0,-0.42441820929870044,0.24715293170835023
85.0,235.0,0.0,0,-0.4202002943087163,0.2525116883178513
85.0,245.0,0.0,0,-0.41542070386800284,0.2570448571972214
85.0,255.0,0.0,0,-0.4103154737194311,0.2607591645039693
85.0,265.0,0.0,0,-0.4050862102675722,0.26370474964161456
85.0,275.0,0.0,0,-0.3998905735791511,0.2659577858849088
85.0,285.0,0.0,0,-0.39484244492855264,0.26760611641416776
85.0,295.0,0.0,0,-0.3900175846188124,0.26873903006253314
85.0,305.0,0.0,0,-0.38546136280625176,0.26944090078674626
85.0,315.0,0.0,0,-0.3811964389461977,0.269787820834428
85.0,325.0,0.0,0,-0.37722937088852776,0.26984628178522757
85.0,335.0,0.0,0,-0.3735558477575288,0.2696731182921885
85.0,345.0,0.0,0,-0.37016461202526185,0.26931614854877517
85.0,355.0,0.0,0,-0.36704028474508743,0.2688151405439649
85.0,365.0,0.0,0,-0.36416533664778417,0.26820287923158653
85.0,375.0,0.0,0,-0.3615214233110262,0.26750620878654674
85.0,385.0,0.0,0,-0.3590902610990921,0.2667469868020552
95.0,5.0,0.0,0,-0.32287807415642455,0.1661475367385987
95.0,15.0,0.0,0,-0.3680258005458212,0.16569340447433925
95.0,25.0,0.0,0,-0.37103936807377935,0.16536310953194627
95.0,35.0,0.0,0,-0.37428373689719396,0.16518532846089512
95.0,45.0,0.0,0,-0.3777729900563937,0.16519406665532868
95.0,55.0,0.0,0,-0.38152039898568,0.16542969784192796
95.0,65.0,0.0,0,-0.38553751508235434,0.16594019292736983
95.0,75.0,0.0,0,-0.38983271686070664,0.16678249866631709
95.0,85.0,0.0,0,-0.394408903943552,0.1680239265209486
95.0,95.0,0.0,0,-0.39925990532469874,0.1697432269220193
95.0,105.0,0.0,0,-0.4043650576409098,0.17203071752679716
95.0,115.0,0.0,0,-0.4096813960877287,0.1749863875638191
95.0,125.0,0.0,0,-0.4151331650334606,0.1787143682044419
95.0,135.0,0.0,0,-0.42059919513084115,0.18331176968621574
95.0,145.0,0.0,0,-0.42590046031456275,0.1888501648338435
95.0,155.0,0.0,0,-0.43079291344054876,0.19534976438167245
95.0,165.0,0.0,0,-0.43497364611892514,0.20275024583122117
95.0,175.0,0.0,0,-0.4381089779252457,0.21088762036483755
95.0,185.0,0.0,0,-0.43988756265923845,0.21949025150286355
95.0,195.0,0.0,0,-0.4400886926500642,0.22820421184460618
95.0,205.0,0.0,0,-0.4386417092465915,0.23664643463438037
95.0,215.0,0.0,0,-0.4356492386262066,0.24446927149948877
95.0,225.0,0.0,0,-0.43136212354421755,0.25141318574500604
95.0,235.0,0.0,0,-0.42611834964820344,0.25733124108449307
95.0,245.0,0.0,0,-0.420273396611261,0.2621839338277513
95.0,255.0,0.0,0,-0.414146217444803,0.2660146775531232
95.0,265.0,0.0,0,-0.4079907247865852,0.26891919207213605
95.0,275.0,0.0,0,-0.40198969774972504,0.27101831624270994
95.0,285.0,0.0,0,-0.39626244914087494,0.27243832045503236
95.0,295.0,0.0,0,-0.390878107840226,0.27329884367644575
95.0,305.0,0.0,0,-0.3858692919216056,0.27370677279179967
95.0,315.0,0.0,0,-0.38124372878683344,0.2737540626324354
95.0,325.0,0.0,0,-0.3769931596870089,0.27351785143091656
95.0,335.0,0.0,0,-0.3730997335355264,0.2730617372089142
95.0,345.0,0.0,0,-0.36954039288719587,0.27243751807084804
95.0,355.0,0.0,0,-0.36628977424327985,0.2716870075690404
95.0,365.0,0.0,0,-0.36332205953483054,0.270843730456087
95.0,375.0,0.0,0,-0.3606121099312683,0.2699344170763289
95.0,385.0,0.0,0,-0.35813611985056776,0.2689802758278046
105.0,5.0,0.0,0,-0.32287807415642455,0.16335281937805057
105.0,15.0,0.0,0,-0.3673552152659818,0.1626822340982112
105.0,25.0,0.0,0,-0.3704782370588473,0.16212110308327896
105.0,35.0,0.0,0,-0.3738609452629414,0.16169831144902633
105.0,45.0,0.0,0,-0.3775233004153682,0.16144862180800096
105.0,55.0,0.0,0,-0.3814858172500757,0.16141404007239674
105.0,65.0,0.0,0,-0.3857690464249609,0.16164557141500335
105.0,75.0,0.0,0,-0.39039257613157313,0.16220543068586982
105.0,85.0,0.0,0,-0.39537316944932155,0.16316969619163932
105.0,95.0,0.0,0,-0.40072141612286205,0.1646312069898027
105.0,105.0,0.0,0,-0.4064359647850365,0.16670211413392932
105.0,115.0,0.0,0,-0.41249407610840516,0.16951479415460585
105.0,125.0,0.0,0,-0.4188371121196066,0.1732187412407517
105.0,135.0,0.0,0,-0.42535016145792137,0.17796970756783198
105.0,145.0,0.0,0,-0.4318372232721776,0.18390647052544684
105.0,155.0,0.0,0,-0.4379983403797174,0.1911118974646155
105.0,165.0,0.0,0,-0.44342274355964745,0.19956099490533766
105.0,175.0,0.0,0,-0.44761842728790086,0.2090704442679928
105.0,185.0,0.0,0,-0.4500937467030471,0.21927662831180142
105.0,195.0,0.0,0,-0.45048113246721383,0.22966906812895102
105.0,205.0,0.0,0,-0.4486552072075545,0.239682566089914
105.0,215.0,0.0,0,-0.4447814560607192,0.24881478352442662
105.0,225.0,0.0,0,-0.4392650928118444,0.2567177527920534
105.0,235.0,0.0,0,-0.432630718059435,0.26323012120328515
105.0,245.0,0.0,0,-0.42539682744933216,0.2683535520413563
105.0,255.0,0.0,0,-0.41799304350815847,0.27220037810471165
105.0,265.0,0.0,0,-0.4107300568705721,0.2749397101886985
105.0,275.0,0.0,0,-0.40380668306172535,0.2767566955006988
105.0,285.0,0.0,0,-0.3973335265598024,0.2778277729196262
105.0,295.0,0.0,0,-0.39135903659948024,0.27830870167888055
105.0,305.0,0.0,0,-0.3858913748365745,0.2783307845938494
105.0,315.0,0.0,0,-0.38091448158286006,0.27800153738987604
105.0,325.0,0.0,0,-0.37639897858510596,0.27740735628797314
105.0,335.0,0.0,0,-0.3723091780518423,0.276616800804289
105.0,345.0,0.0,0,-0.3686073954503652,0.27568380336745846
105.0,355.0,0.0,0,-0.36525648598336047,0.2746505151075392
105.0,365.0,0.0,0,-0.362221247998484,0.27354970357119235
105.0,375.0,0.0,0,-0.3594691212723823,0.2724067149123064
105.0,385.0,0.0,0,-0.35697045693416385,0.27124105199590265
115.0,5.0,0.0,0,-0.32287807415642455,0.16047337437621015
115.0,15.0,0.0,0,-0.3664442472071384,0.1595624063173667
115.0,25.0,0.0,0,-0.3696575590812027,0.15874172833972222
115.0,35.0,0.0,0,-0.3731586056840053,0.15803938876078624
115.0,45.0,0.0,0,-0.37697346763977746,0.15748955598519537
115.0,55.0,0.0,0,-0.38113038559941964,0.15713412433453927
115.0,65.0,0.0,0,-0.38565984605599213,0.15702492396557047
115.0,75.0,0.0,0,-0.3905944083259705,0.15722675615996795
115.0,85.0,0.0,0,-0.395967892545181,0.15782147925582726
115.0,95.0,0.0,0,-0.40181320294912504,0.1589132660820904
115.0,105.0,0.0,0,-0.4081574988314857,0.16063480012853967
115.0,115.0,0.0,0,-0.415012600018321,0.1631533240384554
115.0,125.0,0.0,0,-0.4223575179677527,0.16667372988660162
115.0,135.0,0.0,0,-0.4301093860978236,0.17143295452650395
115.0,145.0,0.0,0,-0.4380804391610846,0.17767617041541098
115.0,155.0,0.0,0,-0.4459253659544126,0.185603195990106
115.0,165.0,0.0,0,-0.45309922456395957,0.1952796769944183
115.0,175.0,0.0,0,-0.45886895681062956,0.20653020651714712
115.0,185.0,0.0,0,-0.4624303491271514,0.21886680894125146
115.0,195.0,0.0,0,-0.46313850477968627,0.2315241812537238
115.0,205.0,0.0,0,-0.46075859848673095,0.24362757253290016
115.0,215.0,0.0,0,-0.45557620726603854,0.25442232373821977
115.0,225.0,0.0,0,-0.4482836428873461,0.26344087381372155
115.0,235.0,0.0,0,-0.4397261946747276,0.270536350429014
115.0,245.0,0.0,0,-0.43066928709900026,0.275808810078682
115.0,255.0,0.0,0,-0.42168000636288594,0.2794957729334097
115.0,265.0,0.0,0,-0.4131150488171762,0.28188076488001385
115.0,275.0,0.0,0,-0.40516323229867157,0.28323731411696
115.0,285.0,0.0,0,-0.39789939392389484,0.2838031814810525
115.0,295.0,0.0,0,-0.3913292459615733,0.2837733908431456
115.0,305.0,0.0,0,-0.3854205768500619,0.283302592856633
115.0,315.0,0.0,0,-0.38012286588655947,0.2825109771603324
115.0,325.0,0.0,0,-0.3753788101572938,0.2814908087325203
115.0,335.0,0.0,0,-0.3711307250023824,0.28031235568306034
115.0,345.0,0.0,0,-0.3673238675887742,0.2790288278214693
115.0,355.0,0.0,0,-0.3639079778926847,0.2776803197307936
115.0,365.0,0.0,0,-0.36083781712743185,0.27629688885974163
115.0,375.0,0.0,0,-0.35807316210817103,0.2749009296955303
115.0,385.0,0.0,0,-0.35557852096848824,0.2735089937298547
125.0,5.0,0.0,0,-0.32287807415642455,0.15752741838586415
125.0,15.0,0.0,0,-0.36526993248626227,0.15635310366498806
125.0,25.0,0.0,0,-0.36854947908166846,0.15524502366545373
125.0,35.0,0.0,0,-0.372142812393752,0.1542292303752006
125.0,45.0,0.0,0,-0.3760819594278153,0.1533377221632384
125.0,55.0,0.0,0,-0.3804027730265643,0.152610109590383
125.0,65.0,0.0,0,-0.38514578919417125,0.15209605272856197
125.0,75.0,0.0,0,-0.3903572354659439,0.15185887986853525
125.0,85.0,0.0,0,-0.3960899590031164,0.151980946326471
125.0,95.0,0.0,0,-0.4024036620408708,0.1525714054182166
125.0,105.0,0.0,0,-0.40936308544878486,0.15377699203551567
125.0,115.0,0.0,0,-0.4170314100891896,0.15579580210638438
125.0,125.0,0.0,0,-0.4254538357647624,0.15889211990339394
125.0,135.0,0.0,0,-0.43462300587976255,0.16340573968533287
125.0,145.0,0.0,0,-0.444415110022575,0.16974041054682337
125.0,155.0,0.0,0,-0.4544889855984968,0.17830403019090763
125.0,165.0,0.0,0,-0.46416422017255154,0.18936902579949955
125.0,175.0,0.0,0,-0.47235332161125243,0.2028533906001225
125.0,185.0,0.0,0,-0.4776928719504422,0.21811591342341333
125.0,195.0,0.0,0,-0.47897797176753804,0.23395538041126504
125.0,205.0,0.0,0,-0.47573659285555575,0.24893337478009006
125.0,215.0,0.0,0,-0.46850555250077897,0.26186272001483035
125.0,225.0,0.0,0,-0.4585499890923157,0.2721290662198
125.0,235.0,0.0,0,-0.4472849251120536,0.2796877966571258
125.0,245.0,0.0,0,-0.4358376279880243,0.2848561375461501
125.0,255.0,0.0,0,-0.42491448060819237,0.28809061179145656
125.0,265.0,0.0,0,-0.41486823169560216,0.2898437946698824
125.0,275.0,0.0,0,-0.4058206903340534,0.2905012527052642
125.0,285.0,0.0,0,-0.39776557606049323,0.29036743484186256
125.0,295.0,0.0,0,-0.39063514561914886,0.289673334499438
125.0,305.0,0.0,0,-0.3843378278451274,0.28859058549450367
125.0,315.0,0.0,0,-0.37877761302699864,0.2872453326349427
125.0,325.0,0.0,0,-0.37386320848765026,0.285729730965299
125.0,335.0,0.0,0,-0.36951181766429175,0.28411082362720846
125.0,345.0,0.0,0,-0.36565022308348205,0.28243717912191624
125.0,355.0,0.0,0,-0.36221458400943995,0.2807437852386715
125.0,365.0,0.0,0,-0.3591496722797129,0.2790556403909524
125.0,375.0,0.0,0,-0.35640791004719347,0.27739038832997487
125.0,385.0,0.0,0,-0.35394838721911487,0.27576025458060144
135.0,5.0,0.0,0,-0.32287807415642455,0.1545371533559951
135.0,15.0,0.0,0,-0.36381113256144276,0.15307835343117573
135.0,25.0,0.0,0,-0.36712813580990433,0.15165701015941155
135.0,35.0,0.0,0,-0.3707818370699585,0.15029603483561807
135.0,45.0,0.0,0,-0.37480956017597755,0.14902363558378026
135.0,55.0,0.0,0,-0.37925390696092687,0.1478747695181428
135.0,65.0,0.0,0,-0.3841644212769887,0.14689340160096045
135.0,75.0,0.0,0,-0.38959997838353005,0.14613614451854667
135.0,85.0,0.0,0,-0.39563200733527354,0.14567819285070352
135.0,95.0,0.0,0,-0.40234839645992254,0.14562292726975537
135.0,105.0,0.0,0,-0.4098572596595491,0.14611710148051965
135.0,115.0,0.0,0,-0.41828817845951294,0.14737386985084283
135.0,125.0,0.0,0,-0.42778512441636485,0.1497051585024455
135.0,135.0,0.0,0,-0.4384783483210987,0.15356050094378162
135.0,145.0,0.0,0,-0.4504104319270563,0.1595558228482628
135.0,155.0,0.0,0,-0.4633778705391712,0.16844470778893725
135.0,165.0,0.0,0,-0.47665943303284897,0.18093992064923453
135.0,175.0,0.0,0,-0.488707718474208,0.19729431751219015
135.0,185.0,0.0,0,-0.4971412454217021,0.21674269098344995
135.0,195.0,0.0,0,-0.4995310896493253,0.2372958088652374
135.0,205.0,0.0,0,-0.49483487730709724,0.2563940933167787
135.0,215.0,0.0,0,-0.48417843750950096,0.27206697832550086
135.0,225.0,0.0,0,-0.47006791381346374,0.28358490304664874
135.0,235.0,0.0,0,-0.4549501723838791,0.2912501503184743
135.0,245.0,0.0,0,-0.44042180493635696,0.295834327266807
135.0,255.0,0.0,0,-0.42723441560463926,0.2981542622632537
135.0,265.0,0.0,0,-0.41560246106997745,0.2988884916376292
135.0,275.0,0.0,0,-0.40547628719556833,0.29854408849914416
135.0,285.0,0.0,0,-0.39670359179343934,0.2974821042320902
135.0,295.0,0.0,0,-0.38910746069810226,0.29595441931104377
135.0,305.0,0.0,0,-0.382518900853491,0.2941354923194071
135.0,315.0,0.0,0,-0.37678803484543744,0.29214591413784596
135.0,325.0,0.0,0,-0.3717862221490842,0.29006892779928006
135.0,335.0,0.0,0,-0.36740469083100724,0.28796180096599544
135.0,345.0,0.0,0,-0.3635520631533191,0.2858636410358326
135.0,355.0,0.0,0,-0.3601517379614332,0.2838007949878259
135.0,365.0,0.0,0,-0.35713948728601946,0.2817906099941324
135.0,375.0,0.0,0,-0.3544613736676806,0.2798440736146196
135.0,385.0,0.0,0,-0.3520719944210199,0.27796768081652456
145.0,5.0,0.0,0,-0.32287807415642455,0.15152862908279607
145.0,15.0,0.0,0,-0.36204936086484457,0.1497668573861977
145.0,25.0,0.0,0,-0.365370777810915,0.14800949938720862
145.0,35.0,0.0,0,-0.36904770444094737,0.14627536675819736
145.0,45.0,0.0,0,-0.3731216738434597,0.14458748042567937
145.0,55.0,0.0,0,-0.3776404043734217,0.1429739778381744
145.0,65.0,0.0,0,-0.3826600809607794,0.14146963752196515
145.0,75.0,0.0,0,-0.3882489896167116,0.14011864875514657
145.0,85.0,0.0,0,-0.3944931212057427,0.13897976262561576
145.0,95.0,0.0,0,-0.4015044337141999,0.13813579987989308
145.0,105.0,0.0,0,-0.4094323004487273,0.13771084066907144
145.0,115.0,0.0,0,-0.4184778202859719,0.1379004824955304
145.0,125.0,0.0,0,-0.42890785165570444,0.13902320973486995
145.0,135.0,0.0,0,-0.4410573689553507,0.14160223036912195
145.0,145.0,0.0,0,-0.4552865623440398,0.14647836078610532
145.0,155.0,0.0,0,-0.4718082877413293,0.15490877798826344
145.0,165.0,0.0,0,-0.4902239623756439,0.16847330733105856
145.0,175.0,0.0,0,-0.5086421657484481,0.18840775460529846
145.0,185.0,0.0,0,-0.5228838484145072,0.21415035759810358
145.0,195.0,0.0,0,-0.5275893280332951,0.24220859598207356
145.0,205.0,0.0,0,-0.5201428788586661,0.26751659753364226
145.0,215.0,0.0,0,-0.503268690989981,0.286606851014122
145.0,225.0,0.0,0,-0.48242634744608254,0.29896528464674105
145.0,235.0,0.0,0,-0.46187850780561723,0.3058936200684793
145.0,245.0,0.0,0,-0.44357787315266384,0.30904968828478585
145.0,255.0,0.0,0,-0.42795840249285544,0.30977367517300214
145.0,265.0,0.0,0,-0.4148161003408133,0.3089873144438378
145.0,275.0,0.0,0,-0.40377548209268876,0.30728650934095836
145.0,285.0,0.0,0,-0.394466896758217,0.30504981430573613
145.0,295.0,0.0,0,-0.38657561161986176,0.30251796522749547
145.0,305.0,0.0,0,-0.37984590218320946,0.299844966557214
145.0,315.0,0.0,0,-0.3740727393018378,0.29712967101361437
145.0,325.0,0.0,0,-0.36909185482485585,0.294435303689386
145.0,335.0,0.0,0,-0.36477111609332086,0.29180172895169965
145.0,345.0,0.0,0,-0.36100365359938774,0.2892533193977682
145.0,355.0,0.0,0,-0.357702523247028,0.2868041046833628
145.0,365.0,0.0,0,-0.35479657942981496,0.28446119682715865
145.0,375.0,0.0,0,-0.35222727504983503,0.28222709820931313
145.0,385.0,0.0,0,-0.3499461672126866,0.28010127100097976
155.0,5.0,0.0,0,-0.32287807415642455,0.148531427477464
155.0,15.0,0.0,0,-0.359969476319292,0.1464515429319115
155.0,25.0,0.0,0,-0.3632586924361792,0.14433945755717542
155.0,35.0,0.0,0,-0.3669175362886921,0.1422092894049203
155.0,45.0,0.0,0,-0.3709904006327659,0.14007801619422675
155.0,55.0,0.0,0,-0.37552791836868726,0.13796553018949223
155.0,65.0,0.0,0,-0.3805893850810734,0.13589483430978605
155.0,75.0,0.0,0,-0.3862470140181086,0.13389285871118312
155.0,85.0,0.0,0,-0.3925931993196911,0.1319929368251315
155.0,95.0,0.0,0,-0.39975251154826763,0.13024101465919916
155.0,105.0,0.0,0,-0.40790087779504464,0.12870959200551635
155.0,115.0,0.0,0,-0.41729532354340215,0.12752709526294667
155.0,125.0,0.0,0,-0.4283184398680355,0.1269376834752777
155.0,135.0,0.0,0,-0.4415399766507941,0.12742029117072098
155.0,145.0,0.0,0,-0.4577821948562676,0.12991592368294902
155.0,155.0,0.0,0,-0.4781024916929847,0.13621012763460436
155.0,165.0,0.0,0,-0.5033540937754175,0.14934025903437792
155.0,175.0,0.0,0,-0.5324397054050283,0.1731377986909582
155.0,185.0,0.0,0,-0.5586479995413541,0.2089019498178052
155.0,195.0,0.0,0,-0.5689036709200099,0.25021629270451967
155.0,205.0,0.0,0,-0.555362513855159,0.2854359277010128
155.0,215.0,0.0,0,-0.5260109096059229,0.30817814631695484
155.0,225.0,0.0,0,-0.4940546165737579,0.31980641544462995
155.0,235.0,0.0,0,-0.4663129719477186,0.3242408795867313
155.0,245.0,0.0,0,-0.44396030656471125,0.324623312998779
155.0,255.0,0.0,0,-0.42618438886716836,0.3228492993730918
155.0,265.0,0.0,0,-0.4119321322768112,0.3199653313090897
155.0,275.0,0.0,0,-0.4003528110737648,0.3165426602901658
155.0,285.0,0.0,0,-0.3908229880997998,0.31289875163174846
155.0,295.0,0.0,0,-0.38289064948013124,0.309213789492018
155.0,305.0,0.0,0,-0.37622310455708347,0.30559099186589195
155.0,315.0,0.0,0,-0.3705704702363442,0.30208872280039833
155.0,325.0,0.0,0,-0.36574150943129785,0.29873837740684034
155.0,335.0,0.0,0,-0.3615875526696589,0.2955548139831784
155.0,345.0,0.0,0,-0.3579915195672987,0.29254267995108946
155.0,355.0,0.0,0,-0.35486020241819205,0.2897003591222537
155.0,365.0,0.0,0,-0.3521187014071286,0.2870224810995671
155.0,375.0,0.0,0,-0.34970632666988166,0.28450153271961354
155.0,385.0,0.0,0,-0.3475735300217766,0.28212889552870374
165.0,5.0,0.0,0,-0.32287807415642455,0.1455782155462185
165.0,15.0,0.0,0,-0.357560152778345,0.14316889200527141
165.0,25.0,0.0,0,-0.3607777774410556,0.14068797701014796
165.0,35.0,0.0,0,-0.3643743595747399,0.13814480029619566
165.0,45.0,0.0,0,-0.3683958688996622,0.1355502685630921
165.0,55.0,0.0,0,-0.3728935554536584,0.13291590564806316
165.0,65.0,0.0,0,-0.3779257625701442,0.13025228313713405
165.0,75.0,0.0,0,-0.38356164991429775,0.1275669190333232
165.0,85.0,0.0,0,-0.38988842177680627,0.12486214149043837
165.0,95.0,0.0,0,-0.3970246412982101,0.12213427124038093
165.0,105.0,0.0,0,-0.4051437800874783,0.11937717353281463
165.0,115.0,0.0,0,-0.414514986548602,0.11659683653801445
165.0,125.0,0.0,0,-0.42557396496111355,0.11385236163109258
165.0,135.0,0.0,0,-0.4390498219903946,0.11136220697069305
165.0,145.0,0.0,0,-0.45619871514144167,0.10977872725586706
165.0,155.0,0.0,0,-0.4792150576147579,0.11089129317764014
165.0,165.0,0.0,0,-0.5117059831554814,0.11924318255770416
165.0,175.0,0.0,0,-0.5575715689562433,0.14437504610891924
165.0,185.0,0.0,0,-0.611083554297507,0.1968106008650721
165.0,195.0,0.0,0,-0.6377102236855161,0.26561715363057814
165.0,205.0,0.0,0,-0.6071093965652244,0.31736403634064375
165.0,215.0,0.0,0,-0.5498110229377363,0.34116414967245723
165.0,225.0,0.0,0,-0.5005187445072993,0.3476282776059987
165.0,235.0,0.0,0,-0.4651019902162773,0.3464172958745573
165.0,245.0,0.0,0,-0.4397587124681135,0.3422157017779597
165.0,255.0,0.0,0,-0.42092906508959294,0.33696037800038425
165.0,265.0,0.0,0,-0.4064143275996742,0.3314425733232472
165.0,275.0,0.0,0,-0.39490885156803557,0.3259986138175179
165.0,285.0,0.0,0,-0.3856010058738527,0.3207766315915709
165.0,295.0,0.0,0,-0.3779543541100993,0.315840336221539
165.0,305.0,0.0,0,-0.37159495389187225,0.3112121855563278
165.0,315.0,0.0,0,-0.3662514863110757,0.3068932016310593
165.0,325.0,0.0,0,-0.3617213376834225,0.30287302988318404
165.0,335.0,0.0,0,-0.35784998659238915,0.29913546380591416
165.0,345.0,0.0,0,-0.35451768130954714,0.2956616255481626
165.0,355.0,0.0,0,-0.3516304058688416,0.29243182899881204
165.0,365.0,0.0,0,-0.3491135339305395,0.28942666152222307
165.0,375.0,0.0,0,-0.34690725435042075,0.2866275892027622
165.0,385.0,0.0,0,-0.3449632096170673,0.28401726879805284
175.0,5.0,0.0,0,-0.32287807415642455,0.1427042565486981
175.0,15.0,0.0,0,-0.3548140765218772,0.13995818029223034
175.0,25.0,0.0,0,-0.3579186325040727,0.13709903535524728
175.0,35.0,0.0,0,-0.36140711099190387,0.13413178677241144
175.0,45.0,0.0,0,-0.36532629222274193,0.1310622100954909
175.0,55.0,0.0,0,-0.36972638203463276,0.12789503667646537
175.0,65.0,0.0,0,-0.37466130547869847,0.12463057958501965
175.0,75.0,0.0,0,-0.38019035604155804,0.1212592857122798
175.0,85.0,0.0,0,-0.3863828954197072,0.1177537593551809
175.0,95.0,0.0,0,-0.39332901938385734,0.11405813744082813
175.0,105.0,0.0,0,-0.40116094327864094,0.11007530063199059
175.0,115.0,0.0,0,-0.41009299913426883,0.10565331321765739
175.0,125.0,0.0,0,-0.42049528747138704,0.10057463572793088
175.0,135.0,0.0,0,-0.4330368955210789,0.09456170925861523
175.0,145.0,0.0,0,-0.44900138410068735,0.08736437821786086
175.0,155.0,0.0,0,-0.4710934847127191,0.0792428053158222
175.0,165.0,0.0,0,-0.5057253195044471,0.07326214166478795
175.0,175.0,0.0,0,-0.5690634316396316,0.08475400434817609
175.0,185.0,0.0,0,-0.6874726224321078,0.1611430724827769
175.0,195.0,0.0,0,-0.781857729759759,0.30529057855701996
175.0,205.0,0.0,0,-0.6826193610279206,0.38080054301971616
175.0,215.0,0.0,0,-0.5596062471597637,0.39059576724174333
175.0,225.0,0.0,0,-0.4921421320579418,0.3822191547923858
175.0,235.0,0.0,0,-0.4540493237565341,0.37116648833264276
175.0,245.0,0.0,0,-0.4292882737710423,0.3606960496355714
175.0,255.0,0.0,0,-0.41150139728718005,0.3512683818331586
175.0,265.0,0.0,0,-0.39796435623720794,0.3428184104706923
175.0,275.0,0.0,0,-0.3873103727286608,0.3352199316313175
175.0,285.0,0.0,0,-0.3787435763237199,0.32836250208118456
175.0,295.0,0.0,0,-0.3717472547205115,0.3221554026915967
175.0,305.0,0.0,0,-0.3659619811467505,0.31652242994647517
175.0,315.0,0.0,0,-0.36112700955991,0.31139795319530944
175.0,325.0,0.0,0,-0.3570480504314485,0.30672466594333536
175.0,335.0,0.0,0,-0.35357759241966896,0.30245227177061523
175.0,345.0,0.0,0,-0.3506019972328195,0.29853658769388747
175.0,355.0,0.0,0,-0.3480326422524423,0.2949388240774884
175.0,365.0,0.0,0,-0.3457996598796165,0.29162495002656535
175.0,375.0,0.0,0,-0.3438474214613106,0.2885651171374552
175.0,385.0,0.0,0,-0.34213122912216665,0.2857331366425544
185.0,5.0,0.0,0,-0.32287807415642455,0.13994700066735805
185.0,15.0,0.0,0,-0.35172790504692697,0.13686082919240772
185.0,25.0,0.0,0,-0.3546761632778454,0.13361835996618057
185.0,35.0,0.0,0,-0.3580097202184107,0.13022096919268733
185.0,45.0,0.0,0,-0.36177639302536035,0.1266710699953058
185.0,55.0,0.0,0,-0.36602519091094926,0.12296987887162211
185.0,65.0,0.0,0,-0.370804242272172,0.11911281566509578
185.0,75.0,0.0,0,-0.3761587450067875,0.11508120463032545
185.0,85.0,0.0,0,-0.38213031600216896,0.1108286252127869
185.0,95.0,0.0,0,-0.38876042908292596,0.10626003491185548
185.0,105.0,0.0,0,-0.39610225972832724,0.10120135136154201
185.0,115.0,0.0,0,-0.4042466587969219,0.09535501102419496
185.0,125.0,0.0,0,-0.41336874590891187,0.08822846946171982
185.0,135.0,0.0,0,-0.4238047452284079,0.07899631916904865
185.0,145.0,0.0,0,-0.43619435842186877,0.0661892934902302
185.0,155.0,0.0,0,-0.4518715878727506,0.04696739665026166
185.0,165.0,0.0,0,-0.4744957275416497,0.01573780468746419
185.0,175.0,0.0,0,-0.5194839146190551,-0.03384171233311233
185.0,185.0,0.0,0,-0.7039081698588144,-0.017406164906405786
185.0,195.0,0.0,0,-1.2879991029250928,0.4887352082589282
185.0,205.0,0.0,0,-0.6979230177297668,0.5040388649607741
185.0,215.0,0.0,0,-0.5078452153072232,0.45227783310823383
185.0,225.0,0.0,0,-0.45784136942011244,0.41797707047040444
185.0,235.0,0.0,0,-0.43109192154296233,0.39501966825683255
185.0,245.0,0.0,0,-0.4123488580278743,0.3780802525136647
185.0,255.0,0.0,0,-0.3980166675769707,0.36459552280345514
185.0,265.0,0.0,0,-0.3867154186159605,0.3533465851822078
185.0,275.0,0.0,0,-0.3776673607590786,0.3437035732126255
185.0,285.0,0.0,0,-0.3703404010848015,0.33530039797370725
185.0,295.0,0.0,0,-0.36434491283870346,0.32789805609189915
185.0,305.0,0.0,0,-0.3593894667327654,0.32132554167791394
185.0,315.0,0.0,0,-0.35525414129348043,0.31545267341148425
185.0,325.0,0.0,0,-0.3517718006310058,0.31017642361104186
185.0,335.0,0.0,0,-0.34881443523975836,0.3054132664311311
185.0,345.0,0.0,0,-0.3462831517718633,0.3010944209701748
185.0,355.0,0.0,0,-0.3441008464876311,0.2971626252053637
185.0,365.0,0.0,0,-0.3422068404887384,0.29356980581448566
185.0,375.0,0.0,0,-0.3405529385609995,0.2902753229141745
185.0,385.0,0.0,0,-0.33910051767383204,0.28724461146584007
195.0,5.0,0.0,0,-0.32287807415642455,0.13734588032690417
195.0,15.0,0.0,0,-0.34830213255461073,0.1339201078345881
195.0,25.0,0.0,0,-0.3510488715290086,0.13029281608575125
195.0,35.0,0.0,0,-0.35417942858753815,0.12646252445487852
195.0,45.0,0.0,0,-0.35774422535409955,0.12243035678361783
195.0,55.0,0.0,0,-0.36179322564821376,0.11819839152088255
195.0,65.0,0.0,0,-0.3663710259097211,0.11376517515843129
195.0,75.0,0.0,0,-0.371509816107166,0.1091162462588098
195.0,85.0,0.0,0,-0.37722075504964386,0.10420668530628494
195.0,95.0,0.0,0,-0.38348583134293085,0.09893208756628984
195.0,105.0,0.0,0,-0.3902542810236374,0.09308410886159975
195.0,115.0,0.0,0,-0.39744811026386245,0.08628556032854068
195.0,125.0,0.0,0,-0.40497432432023456,0.07789113873986321
195.0,135.0,0.0,0,-0.412713485861632,0.06679987937308751
195.0,145.0,0.0,0,-0.42037320185040705,0.05097872280162571
195.0,155.0,0.0,0,-0.4268591833384261,0.025966318267301162
195.0,165.0,0.0,0,-0.4279320563850911,-0.02059735288925755
195.0,175.0,0.0,0,-0.40551041488940776,-0.13457085261890475
195.0,185.0,0.0,0,-0.2368115132086781,-0.6016675092690411
195.0,195.0,0.0,0,0.3454508535187219,1.0790376539541684
195.0,205.0,0.0,0,-0.22935876445481163,0.6104734006792134
195.0,215.0,0.0,0,-0.39104340856241043,0.4936715939344004
195.0,225.0,0.0,0,-0.4073020894771354,0.4431323139914234
195.0,235.0,0.0,0,-0.4012664582558094,0.4133068507042706
195.0,245.0,0.0,0,-0.3912531037164176,0.3922110963928136
195.0,255.0,0.0,0,-0.3815796470210877,0.37577407583693095
195.0,265.0,0.0,0,-0.3732495538696258,0.36230821109059613
195.0,275.0,0.0,0,-0.3663258399952824,0.35096669032680017
195.0,285.0,0.0,0,-0.36062173405162423,0.3412480232936229
195.0,295.0,0.0,0,-0.3559142468824017,0.3328173573373211
195.0,305.0,0.0,0,-0.35200549352456806,0.32543338412912387
195.0,315.0,0.0,0,-0.3487347097092339,0.31891395254487764
195.0,325.0,0.0,0,-0.3459753548417408,0.31311750675561223
195.0,335.0,0.0,0,-0.34362877414797216,0.30793184566382614
195.0,345.0,0.0,0,-0.3416180267681028,0.30326672066006594
195.0,355.0,0.0,0,-0.33988280398776827,0.2990486781602026
195.0,365.0,0.0,0,-0.3383754920821457,0.29521732975361004
195.0,375.0,0.0,0,-0.3370581941870882,0.2917225853796988
195.0,385.0,0.0,0,-0.33590049500339214,0.28852256270925886
205.0,5.0,0.0,0,-0.32287807415642455,0.1349423931335058
205.0,15.0,0.0,0,-0.3445411284707711,0.13118138904966611
205.0,25.0,0.0,0,-0.3470382260729228,0.1271707435935803
205.0,35.0,0.0,0,-0.3499148747503914,0.12290618975643355
205.0,45.0,0.0,0,-0.35322702227920294,0.11838898668153698
205.0,55.0,0.0,0,-0.3570304443502412,0.11362620538356424
205.0,65.0,0.0,0,-0.3613733123154068,0.10862849178925012
205.0,75.0,0.0,0,-0.3662837574709862,0.10340243315307009
205.0,85.0,0.0,0,-0.37175132209229117,0.09793300019571745
205.0,95.0,0.0,0,-0.37770302137598666,0.09215019022877313
205.0,105.0,0.0,0,-0.3839787439335094,0.08587465313864534
205.0,115.0,0.0,0,-0.3903156115902795,0.07874215446506216
205.0,125.0,0.0,0,-0.39634864462066655,0.07011647476549428
205.0,135.0,0.0,0,-0.4016026414670729,0.059005630370935064
205.0,145.0,0.0,0,-0.40533501364667895,0.043967442167206966
205.0,155.0,0.0,0,-0.40575859239656953,0.022866851225350412
205.0,165.0,0.0,0,-0.3972506307819744,-0.00781457437776633
205.0,175.0,0.0,0,-0.3624034110442643,-0.050921578222909734
205.0,185.0,0.0,0,-0.26783154989907987,-0.01990154153250794
205.0,195.0,0.0,0,-0.17924884171605404,0.5047981537022679
205.0,205.0,0.9466091754089065,1,-0.2584688566634789,0.5339082459109353
205.0,215.0,1.0960196943536806,1,-0.3442465754033289,0.4871114127518538
205.0,225.0,1.1823315010520734,1,-0.3714257568041384,0.4512350800788568
205.0,235.0,1.2529346013880547,1,-0.373890330223825,0.4238589520468723
205.0,245.0,1.2976203976140903,1,-0.3693971855938835,0.4020030339243384
205.0,255.0,1.2937485909663544,1,-0.3636761914924657,0.3840995783957161
205.0,265.0,1.2164905135299147,1,-0.3583460722827448,0.3691960968088353
205.0,275.0,1.0579608327949965,1,-0.35376207767303336,0.3566323344865861
205.0,285.0,0.8391412908549136,1,-0.3499117328193949,0.34592233325435684
205.0,295.0,0.6023323326386616,1,-0.3466913564101591,0.3366994427821142
205.0,305.0,0.39022004564125773,0,-0.34398931860968174,0.32868326786722796
205.0,315.0,0.22833349708768744,0,-0.3417084814410258,0.3216570395990195
205.0,325.0,0.12100459341871034,0,-0.33976972016943874,0.3154514049267174
205.0,335.0,0.05829693816607081,0,-0.3381100191019197,0.30993264988066505
205.0,345.0,0.025640972531225183,0,-0.33667946631785023,0.3049940894304123
205.0,355.0,0.01034052215091412,0,-0.3354384496450647,0.30054973508770894
205.0,365.0,0.003839728369425856,0,-0.33435536133066246,0.2965296043362255
205.0,375.0,0.0013181110706117923,0,-0.3334048070611942,0.2928762172103315
205.0,385.0,0.00041988755242975437,0,-0.3325662334912785,0.28954195569821795
215.0,5.0,0.0,0,-0.32287807415642455,0.13278045493195176
215.0,15.0,0.0,0,-0.3404537055732015,0.1286930320343822
215.0,25.0,0.0,0,-0.34264871649564066,0.12430352245710012
215.0,35.0,0.0,0,-0.3452148889295815,0.11960353663629017
215.0,45.0,0.0,0,-0.3482174174372834,0.11459393179437065
215.0,55.0,0.0,0,-0.35172505507314467,0.10928854251727416
215.0,65.0,0.0,0,-0.355801759930143,0.10371699013201036
215.0,75.0,0.0,0,-0.3604902068462891,0.09792343950731344
215.0,85.0,0.0,0,-0.3657829926884652,0.09195511010348736
215.0,95.0,0.0,0,-0.3715784900181898,0.08583057874569072
215.0,105.0,0.0,0,-0.37762481481277166,0.07947664962495284
215.0,115.0,0.0,0,-0.383471367423989,0.07263240545866242
215.0,125.0,0.0,0,-0.3884708780742694,0.06475463891226518
215.0,135.0,0.0,0,-0.3918848379703298,0.055036835415522095
215.0,145.0,0.0,0,-0.39310271659451645,0.042804538363359595
215.0,155.0,0.0,0,-0.3918848379703298,0.02893078393711991
215.0,165.0,0.0,0,-0.3884708780742694,0.020151031229414987
215.0,175.0,0.0,0,-0.383471367423989,0.041218987609139696
215.0,185.0,0.0,0,-0.37762481481277166,0.15101225252283132
215.0,195.0,0.0,0,-0.3715784900181898,0.34334190082496724
215.0,205.0,0.0,0,-0.3657829926884652,0.4506560368499534
215.0,215.0,0.0,0,-0.3604902068462891,0.4668996682929136
215.0,225.0,0.0,0,-0.355801759930143,0.45127567141891817
215.0,235.0,0.0,0,-0.35172505507314467,0.42911039626823794
215.0,245.0,0.0,0,-0.3482174174372834,0.4079306281116378
215.0,255.0,0.0,0,-0.3452148889295816,0.3894693255487537
215.0,265.0,0.0,0,-0.34264871649564066,0.3737719697616494
215.0,275.0,0.0,0,-0.3404537055732015,0.36046359766181757
215.0,285.0,0.0,0,-0.3385717799510893,0.34912364479351177
215.0,295.0,0.0,0,-0.3369529577470778,0.3393852461304307
215.0,305.0,0.0,0,-0.33555505989451856,0.3309509874152674
215.0,315.0,0.0,0,-0.3343428807135376,0.3235853866877795
215.0,325.0,0.0,0,-0.33328719972533155,0.31710286624367223
215.0,335.0,0.0,0,-0.33236381705949763,0.31135666420125024
215.0,345.0,0.0,0,-0.33155268952978384,0.3062298874131839
215.0,355.0,0.0,0,-0.33083719089838787,0.30162862866650686
215.0,365.0,0.0,0,-0.33020349439573143,0.29747676173157606
215.0,375.0,0.0,0,-0.32964006484025427,0.2937120195106362
215.0,385.0,0.0,0,-0.3291372443821624,0.2902830304015199
225.0,5.0,0.0,0,-0.32287807415642455,0.13090684812788353
225.0,15.0,0.0,0,-0.3360545788119164,0.12650772136659844
225.0,25.0,0.0,0,-0.3378892991332142,0.12174830400417194
225.0,35.0,0.0,0,-0.3400792672762084,0.116612682350799
225.0,45.0,0.0,0,-0.34270212477843254,0.11109738969194803
225.0,55.0,0.0,0,-0.3458473955512895,0.10521973017009276
225.0,65.0,0.0,0,-0.3496105729759144,0.0990285432158643
225.0,75.0,0.0,0,-0.3540770216526273,0.09261535802220261
225.0,85.0,0.0,0,-0.35928683284118434,0.08611919817492167
225.0,95.0,0.0,0,-0.36516870435191234,0.07970941250864431
225.0,105.0,0.0,0,-0.37143482255011423,0.07351942024598691
225.0,115.0,0.0,0,-0.37745520310219066,0.0675032559241885
225.0,125.0,0.0,0,-0.38219883872404814,0.06123121657396709
225.0,135.0,0.0,0,-0.3844290861526746,0.053775464756312064
225.0,145.0,0.0,0,-0.3833931608607742,0.04406590902256961
225.0,155.0,0.0,0,-0.38027313522317807,0.03245420627541798
225.0,165.0,0.0,0,-0.38129685256274026,0.025280180763888882
225.0,175.0,0.0,0,-0.40536740364820584,0.04717621698810559
225.0,185.0,0.0,0,-0.4875820165845437,0.1571334187598777
225.0,195.0,0.0,0,-0.5636228840118449,0.3491778127535329
225.0,205.0,0.0,0,-0.4725692982699966,0.4559641183350643
225.0,215.0,0.0,0,-0.3761142037202845,0.4715881152090597
225.0,225.0,0.0,0,-0.3395581284871828,0.4553444837660996
225.0,235.0,0.0,0,-0.32898750967770574,0.4326069383706606
225.0,245.0,0.0,0,-0.32653196146375196,0.410921482397129
225.0,255.0,0.0,0,-0.3263179505341341,0.39202454400168185
225.0,265.0,0.0,0,-0.3265814529233922,0.37595728042943316
225.0,275.0,0.0,0,-0.3268336296096542,0.3623372044658858
225.0,285.0,0.0,0,-0.32697003741954594,0.35073546193434246
225.0,295.0,0.0,0,-0.3269948004550492,0.3407773046423138
225.0,305.0,0.0,0,-0.32693607889970067,0.3321583236474959
225.0,315.0,0.0,0,-0.3268216155203416,0.3246370584542999
225.0,325.0,0.0,0,-0.3266730701753733,0.3180229289043419
225.0,335.0,0.0,0,-0.3265059259295958,0.31216503777444005
225.0,345.0,0.0,0,-0.32633074736391615,0.30694309560857225
225.0,355.0,0.0,0,-0.32615450935624263,0.3022604140664271
225.0,365.0,0.0,0,-0.32598167124957983,0.29803859092027546
225.0,375.0,0.0,0,-0.3258149685804356,0.2942134946604569
225.0,385.0,0.0,0,-0.3256559730598998,0.29073222333819415
235.0,5.0,0.0,0,-0.32287807415642455,0.12937140114813195
235.0,15.0,0.0,0,-0.3313669328346679,0.12468375517088348
235.0,25.0,0.0,0,-0.3327768354823291,0.11957129151999833
235.0,35.0,0.0,0,-0.33451286049136025,0.11400488473515014
235.0,45.0,0.0,0,-0.3366656780836504,0.10796843804036804
235.0,55.0,0.0,0,-0.33935065007663406,0.1014716925657126
235.0,65.0,0.0,0,-0.3427094345841314,0.09457055417392954
235.0,75.0,0.0,0,-0.3469030984176748,0.08739663093897697
235.0,85.0,0.0,0,-0.35208343570714884,0.0801932338049415
235.0,95.0,0.0,0,-0.35831637369548325,0.07334090314851224
235.0,105.0,0.0,0,-0.3654170285760466,0.0673231091744447
235.0,115.0,0.0,0,-0.3726674198926279,0.06253532596488182
235.0,125.0,0.0,0,-0.3785012849747314,0.05883777221556534
235.0,135.0,0.0,0,-0.3805274343781972,0.0549361204410876
235.0,145.0,0.0,0,-0.3764939925167407,0.04803695209705443
235.0,155.0,0.0,0,-0.3663817369014031,0.034145553775279364
235.0,165.0,0.0,0,-0.3555435529098749,0.008392254122414011
235.0,175.0,0.0,0,-0.3646051152670826,-0.0323700342587091
235.0,185.0,0.0,0,-0.5188597963910058,-0.0010922544522470323
235.0,195.0,0.0,0,-1.087253058557136,0.5225379200930439
235.0,205.0,0.0,0,-0.4999454263019811,0.5499140481250284
235.0,215.0,0.0,0,-0.3273695059624304,0.5011693503671744
235.0,225.0,0.0,0,-0.30177837101671706,0.46338959289670856
235.0,235.0,0.0,0,-0.29987741746903834,0.4342795006880412
235.0,245.0,0.0,0,-0.30315679972133236,0.4109043389456218
235.0,255.0,0.0,0,-0.3071126420578107,0.39169903046929805
235.0,265.0,0.0,0,-0.3105761531417119,0.3756937306876179
235.0,275.0,0.0,0,-0.3133432253939962,0.36220332647195996
235.0,285.0,0.0,0,-0.3154826217966201,0.35071591084903425
235.0,295.0,0.0,0,-0.3171196451793263,0.34084075557331117
235.0,305.0,0.0,0,-0.3183717064418716,0.33227638311548213
235.0,315.0,0.0,0,-0.31933337687090874,0.3247881444660493
235.0,325.0,0.0,0,-0.320076721591172,0.3181917958818479
235.0,335.0,0.0,0,-0.32065547905402625,0.31234134900627836
235.0,345.0,0.0,0,-0.32110945350720366,0.30712005514956586
235.0,355.0,0.0,0,-0.32146814705687715,0.30243369285020044
235.0,365.0,0.0,0,-0.3217535234102843,0.29820554501090485
235.0,375.0,0.0,0,-0.32198203919777585,0.294372615628245
235.0,385.0,0.0,0,-0.3221661160033889,0.2908827585717342
245.0,5.0,0.0,0,-0.32287807415642455,0.12822637119181424
245.0,15.0,0.0,0,-0.32642597977885623,0.1232854181360026
245.0,25.0,0.0,0,-0.32734167003563847,0.1178502526893121
245.0,35.0,0.0,0,-0.32853383132532393,0.11187122352327551
245.0,45.0,0.0,0,-0.330101661334149,0.10530720677377421
245.0,55.0,0.0,0,-0.3321838678836501,0.09814042458079048
245.0,65.0,0.0,0,-0.334973112580866,0.0904041025775249
245.0,75.0,0.0,0,-0.33873063036878814,0.08223163452863835
245.0,85.0,0.0,0,-0.34378933489397473,0.07393753371546434
245.0,95.0,0.0,0,-0.3505099268772476,0.06613108689722863
245.0,105.0,0.0,0,-0.35910071332897625,0.059814771650158194
245.0,115.0,0.0,0,-0.3691305202834277,0.05627787204095816
245.0,125.0,0.0,0,-0.378597345620184,0.05637393268641058
245.0,135.0,0.0,0,-0.38304280277914304,0.05888930108735663
245.0,145.0,0.0,0,-0.37649399251674076,0.058889301087356585
245.0,155.0,0.0,0,-0.3549759601348003,0.047483524320753784
245.0,165.0,0.0,0,-0.3174703639874461,0.00941033539832492
245.0,175.0,0.0,0,-0.25389326446129457,-0.10130151540746321
245.0,185.0,0.0,0,-0.05129480319848895,-0.56886650859998
245.0,195.0,0.0,0,0.5487287469649191,1.109306805544989
245.0,205.0,0.0,0,-0.027996633166376905,0.6373580124093849
245.0,215.0,0.0,0,-0.20704416006835238,0.5170326665153069
245.0,225.0,0.0,0,-0.24793598543292555,0.4631902809315155
245.0,235.0,0.0,0,-0.26711713725163705,0.4304300007141142
245.0,245.0,0.0,0,-0.27952919633163503,0.4068023973244166
245.0,255.0,0.0,0,-0.28852688396676396,0.38821663923337013
245.0,265.0,0.0,0,-0.2953024146975234,0.3729429007891816
245.0,275.0,0.0,0,-0.3004865240667046,0.3600861994618902
245.0,285.0,0.0,0,-0.3044951568687939,0.34909873453406376
245.0,295.0,0.0,0,-0.3076253120285726,0.3396044013833102
245.0,305.0,0.0,0,-0.3100938983671424,0.331326593308581
245.0,315.0,0.0,0,-0.3120604142368219,0.3240536306744943
245.0,325.0,0.0,0,-0.3136426624210021,0.3176195715043241
245.0,335.0,0.0,0,-0.3149281231772504,0.3118922156275484
245.0,345.0,0.0,0,-0.31598220457293813,0.30676496669328296
245.0,355.0,0.0,0,-0.31685419949032273,0.30215101912672826
245.0,365.0,0.0,0,-0.3175815748240676,0.2979790705405117
245.0,375.0,0.0,0,-0.31819306138975,0.294190092732486
245.0,385.0,0.0,0,-0.3187108872241747,0.2907348639532716
255.0,5.0,0.0,0,-0.32287807415642455,0.12752445495742948
255.0,15.0,0.0,0,-0.3212828729004484,0.1223813480790214
255.0,25.0,0.0,0,-0.3216346311673146,0.11667430921069762
255.0,35.0,0.0,0,-0.3221856228353336,0.11032610072070731
255.0,45.0,0.0,0,-0.3230322194557845,0.10325665884234272
255.0,55.0,0.0,0,-0.3243216940576142,0.09539448501630675
255.0,65.0,0.0,0,-0.3262815173464649,0.08670288978190571
255.0,75.0,0.0,0,-0.3292649146154994,0.07723717402861702
255.0,85.0,0.0,0,-0.3338161767103224,0.06726401584496439
255.0,95.0,0.0,0,-0.3407413929025498,0.057495481870266686
255.0,105.0,0.0,0,-0.3510912120621655,0.049485980603455985
255.0,115.0,0.0,0,-0.3656982742691031,0.04605373458913134
255.0,125.0,0.0,0,-0.38335023068407187,0.050806619653019344
255.0,135.0,0.0,0,-0.39693420110091804,0.06469801797479437
255.0,145.0,0.0,0,-0.392283569226431,0.08048759468448448
255.0,155.0,0.0,0,-0.35887761190927786,0.08438924645896215
255.0,165.0,0.0,0,-0.2981201986510118,0.06503908112252779
255.0,175.0,0.0,0,-0.20672784176374032,0.017873658424973682
255.0,185.0,0.0,0,-0.06477953290869864,0.031358388135183046
255.0,195.0,0.0,0,0.047787317473351854,0.5322998176267506
255.0,205.0,0.9458117104437518,1,-0.03757971110210895,0.5418828955624824
255.0,215.0,1.117950005255742,1,-0.14984902349729368,0.4846877589914239
255.0,225.0,1.2152184325396003,1,-0.20880069076722163,0.4455524643257198
255.0,235.0,1.2875642358396138,1,-0.23999875233571283,0.41843407940979566
255.0,245.0,1.3282114141067018,1,-0.2590702379074841,0.39797512098564475
255.0,255.0,1.316885974031074,1,-0.2720913365400574,0.3815395735589381
255.0,265.0,1.230861992340385,1,-0.28158890743417936,0.36782606629559406
255.0,275.0,1.0645056945457825,1,-0.28878657669366475,0.3561261189225541
255.0,285.0,0.8403951754593225,1,-0.2943731695972486,0.34600413165100885
255.0,295.0,0.6010845069454773,1,-0.298783151936432,0.3371619715588684
255.0,305.0,0.388450553877894,0,-0.30231132761445556,0.3293794008061814
255.0,315.0,0.22695667176366097,0,-0.3051667508048278,0.3224857373741872
255.0,325.0,0.12019007949477198,0,-0.30750177473796014,0.31634484969114546
255.0,335.0,0.057899941505549085,0,-0.30942950634918914,0.3108462328630841
255.0,345.0,0.025476452391242146,0,-0.3110351038092101,0.305899132099356
255.0,355.0,0.010281840219307711,0,-0.3123834388135573,0.30142837142259066
255.0,365.0,0.0038217383962288066,0,-0.31352444782120237,0.2973712444197255
255.0,375.0,0.0013134652553090348,0,-0.3144969428291996,0.293675125859175
255.0,385.0,0.0004189417357183991,0,-0.3153313641610727,0.2902956027960732
265.0,5.0,0.0,0,-0.32287807415642455,0.12731502355595972
265.0,15.0,0.0,0,-0.31600777423717097,0.12203992489268256
265.0,25.0,0.0,0,-0.3157335949094097,0.11613888863477759
265.0,35.0,0.0,0,-0.31554999820423024,0.10950326400367427
265.0,45.0,0.0,0,-0.3155328135755281,0.10200385812341785
265.0,55.0,0.0,0,-0.3158095262624592,0.09349169032826282
265.0,65.0,0.0,0,-0.3165977556748733,0.08380792865667122
265.0,75.0,0.0,0,-0.3182763285329774,0.07281934257414915
265.0,85.0,0.0,0,-0.3215191223182743,0.06052228818210123
265.0,95.0,0.0,0,-0.3275464191631482,0.04732731444269955
265.0,105.0,0.0,0,-0.33856133523994164,0.03479743762047566
265.0,115.0,0.0,0,-0.35823439553384795,0.027333558885220516
265.0,125.0,0.0,0,-0.390524256195601,0.03450758439674964
265.0,135.0,0.0,0,-0.42954631843704716,0.06711970173287873
265.0,145.0,0.0,0,-0.43997025323714967,0.11480638574359738
265.0,155.0,0.0,0,-0.38938108281268385,0.14530985664700344
265.0,165.0,0.0,0,-0.3043922380012331,0.15158189599722482
265.0,175.0,0.0,0,-0.2151778131262067,0.16003186735969105
265.0,185.0,0.0,0,-0.1326215610299129,0.22787389548090545
265.0,195.0,0.0,0,-0.08686083677584228,0.3625220497300996
265.0,205.0,0.0,0,-0.10429814752985606,0.4292404861578468
265.0,215.0,0.0,0,-0.15202695550953876,0.4314184181700917
265.0,225.0,0.0,0,-0.19400477373771824,0.4166225011405883
265.0,235.0,0.0,0,-0.22360109149984023,0.4002248403047158
265.0,245.0,0.0,0,-0.2441699700070768,0.3853245724043085
265.0,255.0,0.0,0,-0.2589952926893772,0.37222852855362837
265.0,265.0,0.0,0,-0.2700970447507911,0.3607366658702401
265.0,275.0,0.0,0,-0.2786590754474804,0.35060916462405584
265.0,285.0,0.0,0,-0.2854059353390051,0.3416419303658123
265.0,295.0,0.0,0,-0.29080910786580894,0.33366788629518906
265.0,305.0,0.0,0,-0.2951923495973679,0.3265489082781015
265.0,315.0,0.0,0,-0.2987871045071102,0.32016926198038403
265.0,325.0,0.0,0,-0.3017636170899942,0.31443110433241805
265.0,335.0,0.0,0,-0.304249704331783,0.309251302315012
265.0,345.0,0.0,0,-0.3063428177685947,0.3045590162743964
265.0,355.0,0.0,0,-0.30811817867111085,0.3002937561319502
265.0,365.0,0.0,0,-0.3096344596417979,0.2964037679525456
265.0,375.0,0.0,0,-0.31093785225078474,0.29284467737413084
265.0,385.0,0.0,0,-0.31206503227933374,0.2895783454923917
275.0,5.0,0.0,0,-0.32287807415642455,0.12763862847809515
275.0,15.0,0.0,0,-0.3106905208218893,0.12232137506281342
275.0,25.0,0.0,0,-0.30974678593742666,0.11633456609083058
275.0,35.0,0.0,0,-0.30875612984753786,0.10954069773413816
275.0,45.0,0.0,0,-0.30775369565736627,0.10176157981597635
275.0,55.0,0.0,0,-0.3068110921875808,0.09276314574109787
275.0,65.0,0.0,0,-0.30606972056984155,0.08223511063606619
275.0,75.0,0.0,0,-0.3058091207751726,0.06976790287826136
275.0,85.0,0.0,0,-0.3065955057718797,0.05484428633186675
275.0,95.0,0.0,0,-0.30962829993040714,0.03692616709912582
275.0,105.0,0.0,0,-0.3176171838598144,0.015982015718998613
275.0,115.0,0.0,0,-0.33716643915412325,-0.005085940660726089
275.0,125.0,0.0,0,-0.38487185141434443,-0.010738345441982738
275.0,135.0,0.0,0,-0.4876146072587345,0.047329943379704614
275.0,145.0,0.0,0,-0.5664513007043003,0.17381099084685547
275.0,155.0,0.0,0,-0.45105209221654397,0.23548200025071547
275.0,165.0,0.0,0,-0.3098361975069624,0.24092595975644476
275.0,175.0,0.0,0,-0.22202205729249705,0.2477702039227353
275.0,185.0,0.0,0,-0.16687006211350494,0.2820187050063272
275.0,195.0,0.0,0,-0.14047714055866484,0.33563500878914976
275.0,205.0,0.0,0,-0.14382619123641185,0.37516305249570553
275.0,215.0,0.0,0,-0.1660452251873583,0.3891813221735251
275.0,225.0,0.0,0,-0.19260448907715705,0.387781037512964
275.0,235.0,0.0,0,-0.21602603860854938,0.38020598462167304
275.0,245.0,0.0,0,-0.2347837897254209,0.37081980434001727
275.0,255.0,0.0,0,-0.24948927726906162,0.36131378891970156
275.0,265.0,0.0,0,-0.26107334609679467,0.35229009026570524
275.0,275.0,0.0,0,-0.2703071860674165,0.3439382008856413
275.0,285.0,0.0,0,-0.27775902726848134,0.3362912928151175
275.0,295.0,0.0,0,-0.28384022227896993,0.32932240722827866
275.0,305.0,0.0,0,-0.2888519734180872,0.3229820310489979
275.0,315.0,0.0,0,-0.293018803174323,0.31721372971621065
275.0,325.0,0.0,0,-0.29651092716359906,0.3119610397898156
275.0,335.0,0.0,0,-0.299459236388364,0.3071705718463965
275.0,345.0,0.0,0,-0.30196556948667297,0.30279332356447475
275.0,355.0,0.0,0,-0.3041099480633261,0.2987850929566899
275.0,365.0,0.0,0,-0.30595579483366897,0.29510642814856114
275.0,375.0,0.0,0,-0.3075537686261268,0.29172234452390305
275.0,385.0,0.0,0,-0.30894462456783733,0.28860193681240676
285.0,5.0,0.0,0,-0.32287807415642455,0.1285204957085221
285.0,15.0,0.0,0,-0.3054375180442377,0.1232674929308705
285.0,25.0,0.0,0,-0.303809936130395,0.11733064312383855
285.0,35.0,0.0,0,-0.30197970830563664,0.11055422158193737
285.0,45.0,0.0,0,-0.29992551561006126,0.1027260415346324
285.0,55.0,0.0,0,-0.2976325136090342,0.09354746295608593
285.0,65.0,0.0,0,-0.29510403390430123,0.08258177629054554
285.0,75.0,0.0,0,-0.29238831304840973,0.06916096856378273
285.0,85.0,0.0,0,-0.28964288430123813,0.05220834709314098
285.0,95.0,0.0,0,-0.2873040452654927,0.029884092428226552
285.0,105.0,0.0,0,-0.28659714716941265,-0.001135944262175205
285.0,115.0,0.0,0,-0.29142432946570224,-0.04687805395059628
285.0,125.0,0.0,0,-0.31812595206791283,-0.11362395329702783
285.0,135.0,0.0,0,-0.4854469196609398,-0.11579164089482268
285.0,145.0,0.0,0,-1.0553707973476156,0.3731278557484927
285.0,155.0,0.0,0,-0.4546960008749612,0.37677176440690985
285.0,165.0,0.0,0,-0.25680984134797347,0.3237454082479209
285.0,175.0,0.0,0,-0.20125998400322598,0.30298333495864976
285.0,185.0,0.0,0,-0.17314559920363276,0.3092588720487778
285.0,195.0,0.0,0,-0.1612191509463975,0.3300008824365102
285.0,205.0,0.0,0,-0.16399312664831478,0.35016781784841317
285.0,215.0,0.0,0,-0.1773686116751404,0.36149120433619536
285.0,225.0,0.0,0,-0.1953377674189981,0.3642244826780363
285.0,235.0,0.0,0,-0.21339441017683877,0.3615928542463257
285.0,245.0,0.0,0,-0.22946931630085707,0.3562783808217619
285.0,255.0,0.0,0,-0.2430690102537285,0.3498581138064287
285.0,265.0,0.0,0,-0.25436461360049667,0.34314938131013073
285.0,275.0,0.0,0,-0.2637113968163935,0.3365535920591078
285.0,285.0,0.0,0,-0.27146482331682603,0.33025938810745237
285.0,295.0,0.0,0,-0.2779283087791357,0.32434747460761804
285.0,305.0,0.0,0,-0.2833476662079554,0.31884316739748614
285.0,315.0,0.0,0,-0.2879187792570607,0.3137431434802239
285.0,325.0,0.0,0,-0.291797291185109,0.30902950750173375
285.0,335.0,0.0,0,-0.2951071626239285,0.3046774337372983
285.0,345.0,0.0,0,-0.29794754660849826,0.3006594108591237
285.0,355.0,0.0,0,-0.30039814838718754,0.2969476111829853
285.0,365.0,0.0,0,-0.3025233714876423,0.29351518783695835
285.0,375.0,0.0,0,-0.3043755259332564,0.29033694514408787
285.0,385.0,0.0,0,-0.30599731866908814,0.2873896392453388
295.0,5.0,0.0,0,-0.32287807415642455,0.1299643878581933
295.0,15.0,0.0,0,-0.3003643874093889,0.12489125722334425
295.0,25.0,0.0,0,-0.29807586669770736,0.11915718779065686
295.0,35.0,0.0,0,-0.2954281715665632,0.1126056510515834
295.0,45.0,0.0,0,-0.29233881239948206,0.10501894784100435
295.0,55.0,0.0,0,-0.28869601752767343,0.09608245175964342
295.0,65.0,0.0,0,-0.28434146081918427,0.0853198786745265
295.0,75.0,0.0,0,-0.279036591565316,0.0719681571914327
295.0,85.0,0.0,0,-0.27238972001467615,0.05471499290487106
295.0,95.0,0.0,0,-0.26367644187579536,0.031087389515173508
295.0,105.0,0.0,0,-0.2513183632496875,-0.004191394404551643
295.0,115.0,0.0,0,-0.2309863001259546,-0.0646294237442992
295.0,125.0,0.0,0,-0.18584020297021805,-0.19691517284199406
295.0,135.0,0.0,0,0.0034023163753289093,-0.6857644088782626
295.0,145.0,0.0,0,0.5991749134076558,0.9738450000334898
295.0,155.0,0.0,0,0.028301838593401366,0.4908471605651275
295.0,165.0,0.0,0,-0.1369658943537339,0.37100321357088817
295.0,175.0,0.0,0,-0.1605667601112595,0.33030998967892156
295.0,185.0,0.0,0,-0.16403437748753447,0.32119876796282315
295.0,195.0,0.0,0,-0.16649374868639258,0.3264733657028182
295.0,205.0,0.0,0,-0.17318685004285245,0.33566708909735615
295.0,215.0,0.0,0,-0.18445813243934508,0.3427566098615606
295.0,225.0,0.0,0,-0.19843796828270924,0.345856810725272
295.0,235.0,0.0,0,-0.21299975210472116,0.3454621526531543
295.0,245.0,0.0,0,-0.22672656763910262,0.3427194039913998
295.0,255.0,0.0,0,-0.23897559303188243,0.33862598676955386
295.0,265.0,0.0,0,-0.24960154143763424,0.3338629146066913
295.0,275.0,0.0,0,-0.25869923277526335,0.32885075056556107
295.0,285.0,0.0,0,-0.2664506871022741,0.3238366143510094
295.0,295.0,0.0,0,-0.27305217836215234,0.318960483934026
295.0,305.0,0.0,0,-0.2786849381079589,0.31429775583402947
295.0,315.0,0.0,0,-0.28350612535666503,0.3098851019336338
295.0,325.0,0.0,0,-0.2876482035383765,0.30573601428690134
295.0,335.0,0.0,0,-0.29122136851277913,0.3018502201757519
295.0,345.0,0.0,0,-0.29431678140104506,0.2982194549682988
295.0,355.0,0.0,0,-0.2970097314850123,0.2948310380661234
295.0,365.0,0.0,0,-0.29936243134046003,0.29167009791894133
295.0,375.0,0.0,0,-0.3014263795203702,0.2887209515060552
295.0,385.0,0.0,0,-0.30324431465045204,0.2859679474874191
305.0,5.0,0.0,0,-0.32287807415642455,0.1319485308334952
305.0,15.0,0.0,0,-0.29558530860243737,0.12716945202654376
305.0,25.0,0.0,0,-0.29269780167501547,0.12179138700385182
305.0,35.0,0.0,0,-0.289313608820421,0.11567682425770964
305.0,45.0,0.0,0,-0.28529818575902927,0.10863619761725674
305.0,55.0,0.0,0,-0.28045883659105725,0.10039901668064063
305.0,65.0,0.0,0,-0.2745060676636927,0.0905636235251492
305.0,75.0,0.0,0,-0.26697853528585047,0.07850556724568374
305.0,85.0,0.0,0,-0.25708606331283035,0.06320191054383756
305.0,95.0,0.0,0,-0.24335248627197828,0.04287795494002072
305.0,105.0,0.0,0,-0.22272534508495526,0.014284936775288519
305.0,115.0,0.0,0,-0.18817529766793953,-0.028526065682726767
305.0,125.0,0.0,0,-0.122580543743532,-0.09178572490941252
305.0,135.0,0.0,0,0.0015833893836922491,-0.08996679791777616
305.0,145.0,0.0,0,0.1061249937800592,0.40308312170982064
305.0,155.0,0.9590064408799206,1,0.02144936910242655,0.40993559120079526
305.0,165.0,1.1479923994348786,1,-0.08387015933574285,0.3568398561828041
305.0,175.0,1.2359776460968495,1,-0.13285338614587666,0.32912648221742125
305.0,185.0,1.237693466841056,1,-0.1543955585832979,0.31948766331318457
305.0,195.0,1.1530226614418444,1,-0.16677817654531105,0.3197720911721034
305.0,205.0,0.9999285040326007,1,-0.17743942946039098,0.32402467058964163
305.0,215.0,0.8072724067894614,1,-0.18883021825101542,0.3283967564013121
305.0,225.0,0.6054741133171704,1,-0.2011018677655482,0.33106065588415096
305.0,235.0,0.42041907129974176,0,-0.21357668450556794,0.3316375882849978
305.0,245.0,0.2693612420322934,0,-0.2255425171988203,0.3304535378447154
305.0,255.0,0.15889522104856682,0,-0.23654194060598066,0.3280198854188134
305.0,265.0,0.08623233130734426,0,-0.24637904906108177,0.32479739304226113
305.0,275.0,0.04307194265348083,0,-0.25503455075464626,0.32113271102164404
305.0,285.0,0.01982672361812365,0,-0.2625835016762883,0.3172655255956582
305.0,295.0,0.008426863145244887,0,-0.2691405639234155,0.31335391115692146
305.0,305.0,0.0033145589904600833,0,-0.27482959566662285,0.3094985687155851
305.0,315.0,0.0012094966950562409,0,-0.27976885288670006,0.30576129624562026
305.0,325.0,0.00041050158509546586,0,-0.28406486106993517,0.30217795377717904
305.0,335.0,0.00012991882656831672,0,-0.287810692390274,0.298767277654674
305.0,345.0,3.843913435434614e-05,0,-0.29108631192972256,0.29553680818335143
305.0,355.0,1.0658188268305978e-05,0,-0.2939597906046328,0.292486867302972
305.0,365.0,2.776026053648292e-06,0,-0.29648879277877316,0.2896132287412851
305.0,375.0,6.807212085211485e-07,0,-0.29872206079819985,0.2869089100191148
305.0,385.0,1.574877402417675e-07,0,-0.3007007765703364,0.284365371938999
315.0,5.0,0.0,0,-0.32287807415642455,0.13442500420650824
315.0,15.0,0.0,0,-0.2912013164772965,0.13004101208136754
315.0,25.0,0.0,0,-0.28781049778387646,0.1251537081902285
315.0,35.0,0.0,0,-0.2838210234560398,0.11966112282584743
315.0,45.0,0.0,0,-0.2790662538929554,0.11342919095977332
315.0,55.0,0.0,0,-0.2733084175610518,0.10627877192976798
315.0,65.0,0.0,0,-0.2661953511017551,0.0979680553678302
315.0,75.0,0.0,0,-0.2571833110638233,0.0881728311458029
315.0,85.0,0.0,0,-0.24539518698213983,0.07648195481511275
315.0,95.0,0.0,0,-0.229358508425642,0.06248797696877624
315.0,105.0,0.0,0,-0.2065539178361988,0.04631654972001977
315.0,115.0,0.0,0,-0.17290701129939584,0.031048263351476257
315.0,125.0,0.0,0,-0.12392579660309305,0.03239351621103709
315.0,135.0,0.0,0,-0.0647485970294892,0.09872550262421859
315.0,145.0,0.0,0,-0.02957015120365975,0.23442064760793765
315.0,155.0,0.0,0,-0.04893261717290023,0.3048026338832645
315.0,165.0,0.0,0,-0.09318409000688618,0.3141165645544077
315.0,175.0,0.0,0,-0.1290506545070873,0.31031383291561837
315.0,185.0,0.0,0,-0.15228106754053308,0.30819934187285364
315.0,195.0,0.0,0,-0.16803320659508084,0.3094543719226233
315.0,205.0,0.0,0,-0.18060448104058996,0.3126194235028224
315.0,215.0,0.0,0,-0.19220151212375525,0.31599071737556217
315.0,225.0,0.0,0,-0.20357155427040105,0.31846040388041497
315.0,235.0,0.0,0,-0.21471260848574383,0.3195963278605909
315.0,245.0,0.0,0,-0.2253704344337326,0.31942424509550327
315.0,255.0,0.0,0,-0.23529962277715916,0.31818192726668176
315.0,265.0,0.0,0,-0.24435300804790294,0.3161558862535029
315.0,275.0,0.0,0,-0.25248233138576337,0.3136036668846201
315.0,285.0,0.0,0,-0.25970931773713535,0.3107294829454671
315.0,295.0,0.0,0,-0.2660958197229813,0.30768473874503266
315.0,305.0,0.0,0,-0.27172195970304625,0.3045771027814564
315.0,315.0,0.0,0,-0.2766725350896905,0.30148078498444664
315.0,325.0,0.0,0,-0.28102948968663416,0.2984454136011455
315.0,335.0,0.0,0,-0.28486823949172796,0.29550296070259946
315.0,345.0,0.0,0,-0.28825624969988883,0.29267289847276556
315.0,355.0,0.0,0,-0.2912528429891592,0.28996595085729204
315.0,365.0,0.0,0,-0.29390963305148826,0.28738679113000704
315.0,375.0,0.0,0,-0.29627123846368275,0.28493596879549005
315.0,385.0,0.0,0,-0.29837608761604617,0.2826112798411998
325.0,5.0,0.0,0,-0.32287807415642455,0.13732309612326096
325.0,15.0,0.0,0,-0.28729034509838997,0.1334121247443544
325.0,25.0,0.0,0,-0.2835144433991981,0.1291160703596762
325.0,35.0,0.0,0,-0.27908234661866066,0.12437739352229701
325.0,45.0,0.0,0,-0.2738191968584534,0.11913033648779514
325.0,55.0,0.0,0,-0.2674829652737112,0.11330488420045437
325.0,65.0,0.0,0,-0.2597312231682136,0.10684075626691296
325.0,75.0,0.0,0,-0.2500705267433051,0.09972797194639467
325.0,85.0,0.0,0,-0.2377844600653952,0.09211724502964991
325.0,95.0,0.0,0,-0.22185380868822993,0.08461254529223791
325.0,105.0,0.0,0,-0.20096038241858313,0.07901900987462236
325.0,115.0,0.0,0,-0.17392717972720806,0.08003917830243443
325.0,125.0,0.0,0,-0.1415013003375808,0.09761468203692233
325.0,135.0,0.0,0,-0.11010738381258295,0.14297346882001605
325.0,145.0,0.0,0,-0.09273233850554256,0.20613565612189888
325.0,155.0,0.0,0,-0.09745920489078685,0.2546622438397853
325.0,165.0,0.0,0,-0.11691566889753995,0.2783938227304393
325.0,175.0,0.0,0,-0.13880282854771236,0.2881459967710644
325.0,185.0,0.0,0,-0.1573026005005726,0.29316752973110394
325.0,195.0,0.0,0,-0.17209409234387812,0.29722841547990114
325.0,205.0,0.0,0,-0.18450242230716227,0.3011263567464734
325.0,215.0,0.0,0,-0.195681646814159,0.30460649143687724
325.0,225.0,0.0,0,-0.20623517678133013,0.30727011394780646
325.0,235.0,0.0,0,-0.21633806446435186,0.30889556992641426
325.0,245.0,0.0,0,-0.22594566982448944,0.30947080531717125
325.0,255.0,0.0,0,-0.2349502483734436,0.30912143091345573
325.0,265.0,0.0,0,-0.24326262358747333,0.3080310464530262
325.0,275.0,0.0,0,-0.2508388773026464,0.30638759236990915
325.0,285.0,0.0,0,-0.2576784248835,0.3043566995162739
325.0,295.0,0.0,0,-0.2638120496543477,0.3020729294476404
325.0,305.0,0.0,0,-0.269289309161262,0.299640278905856
325.0,315.0,0.0,0,-0.2741686905539767,0.2971364343701423
325.0,325.0,0.0,0,-0.27851096577671836,0.2946179104602265
325.0,335.0,0.0,0,-0.2823751529821362,0.29212482395063466
325.0,345.0,0.0,0,-0.28581631250502776,0.2896848867557737
325.0,355.0,0.0,0,-0.28888453064043695,0.2873165744070515
325.0,365.0,0.0,0,-0.29162462674531037,0.2850315681008737
325.0,375.0,0.0,0,-0.29407627516963875,0.2828366048068296
325.0,385.0,0.0,0,-0.2962743466879362,0.2807348638787196
335.0,5.0,0.0,0,-0.32287807415642455,0.14055597600745334
335.0,15.0,0.0,0,-0.28390124271681344,0.13716687362587673
335.0,25.0,0.0,0,-0.2798671697638677,0.13351959999054602
335.0,35.0,0.0,0,-0.2751638452556189,0.12960109862750435
335.0,45.0,0.0,0,-0.2696289711436729,0.12541087291272393
335.0,55.0,0.0,0,-0.2630485011316098,0.12097640877062255
335.0,65.0,0.0,0,-0.25513938805932046,0.11638457366172934
335.0,75.0,0.0,0,-0.24553139361711152,0.11184544053553584
335.0,85.0,0.0,0,-0.23375940821909025,0.1078203886892308
335.0,95.0,0.0,0,-0.21930142517002885,0.10526800517102995
335.0,105.0,0.0,0,-0.2017509379022673,0.10605856065471393
335.0,115.0,0.0,0,-0.18129334929618654,0.11342473022369245
335.0,125.0,0.0,0,-0.15962088212840123,0.13154431201451292
335.0,135.0,0.0,0,-0.14078544589563075,0.16222237409756085
335.0,145.0,0.0,0,-0.13016376840369986,0.19965380399571797
335.0,155.0,0.0,0,-0.1305917275859231,0.23278632669085433
335.0,165.0,0.0,0,-0.13978040104293663,0.25565105883625105
335.0,175.0,0.0,0,-0.15286576745866948,0.26971399774720817
335.0,185.0,0.0,0,-0.16622843288393863,0.2786398301305742
335.0,195.0,0.0,0,-0.17847263784466344,0.2850183756313595
335.0,205.0,0.0,0,-0.1895266029160507,0.29004255624024794
335.0,215.0,0.0,0,-0.19971487185161158,0.2940757812777006
335.0,225.0,0.0,0,-0.20931477959745723,0.2971553840938276
335.0,235.0,0.0,0,-0.21845055046908637,0.2992678700985621
335.0,245.0,0.0,0,-0.2271285645888056,0.30045076486287825
335.0,255.0,0.0,0,-0.23530136470800983,0.30080188119744455
335.0,265.0,0.0,0,-0.24291581305106183,0.300455070661033
335.0,275.0,0.0,0,-0.2499373455129096,0.29955353887129615
335.0,285.0,0.0,0,-0.2563564943624496,0.29823160835024565
335.0,295.0,0.0,0,-0.2621860400187039,0.296605598714602
335.0,305.0,0.0,0,-0.26745484474592257,0.29477113429926255
335.0,315.0,0.0,0,-0.27220160974907776,0.29280405349436356
335.0,325.0,0.0,0,-0.27646983821918436,0.2907629259368296
335.0,335.0,0.0,0,-0.28030424583800956,0.2886920187927029
335.0,345.0,0.0,0,-0.28374842790488375,0.286624134192559
335.0,355.0,0.0,0,-0.2868434770906201,0.28458308064274224
335.0,365.0,0.0,0,-0.28962726497543856,0.2825857188728702
335.0,375.0,0.0,0,-0.29213416110591967,0.28064360480915107
335.0,385.0,0.0,0,-0.2943950257951249,0.27876428391633995
345.0,5.0,0.0,0,-0.32287807415642455,0.14402914653804155
345.0,15.0,0.0,0,-0.28105262336441084,0.1411805271856387
345.0,25.0,0.0,0,-0.2768828937238134,0.13819625114558468
345.0,35.0,0.0,0,-0.27206838038582937,0.13510078627579508
345.0,45.0,0.0,0,-0.2664729029273663,0.13194471805948835
345.0,55.0,0.0,0,-0.2599279580126045,0.12882417494048315
345.0,65.0,0.0,0,-0.25222960555780105,0.12591439243896385
345.0,75.0,0.0,0,-0.24314351069977697,0.12352650952162923
345.0,85.0,0.0,0,-0.23243144905114216,0.12219855035368128
345.0,95.0,0.0,0,-0.2199256443080951,0.12282276949174721
345.0,105.0,0.0,0,-0.20569243307930116,0.12676426466878127
345.0,115.0,0.0,0,-0.1903177880967084,0.1357887034693032
345.0,125.0,0.0,0,-0.17524121463939418,0.15140903598029593
345.0,135.0,0.0,0,-0.16279963231425676,0.17342322239892188
345.0,145.0,0.0,0,-0.15547925812591523,0.19873871212113736
345.0,155.0,0.0,0,-0.15450811207060416,0.22265509660581842
345.0,165.0,0.0,0,-0.15907323436285528,0.24194792992573705
345.0,175.0,0.0,0,-0.16707191075578595,0.2561540732228535
345.0,185.0,0.0,0,-0.17648506859422078,0.26641070893313556
345.0,195.0,0.0,0,-0.1860915169234013,0.2740295880118735
345.0,205.0,0.0,0,-0.19539943868324552,0.2799024237790682
345.0,215.0,0.0,0,-0.20430752006043823,0.28449507198789475
345.0,225.0,0.0,0,-0.21283841625601313,0.28801870864645085
345.0,235.0,0.0,0,-0.2210124315029689,0.29058058968033346
345.0,245.0,0.0,0,-0.22881645092132355,0.29226847601285133
345.0,255.0,0.0,0,-0.23621442463464326,0.29318153593948476
345.0,265.0,0.0,0,-0.24316634647241372,0.29343206936083654
345.0,275.0,0.0,0,-0.24964198259534012,0.2931367064432671
345.0,285.0,0.0,0,-0.2556268398587276,0.29240705193954514
345.0,295.0,0.0,0,-0.2611223728242521,0.29134338474509325
345.0,305.0,0.0,0,-0.26614317831641937,0.2900317183155901
345.0,315.0,0.0,0,-0.27071323224654303,0.2885433408130554
345.0,325.0,0.0,0,-0.27486231855076043,0.2869358211446314
345.0,335.0,0.0,0,-0.27862312903521225,0.28525470434183425
345.0,345.0,0.0,0,-0.28202912750381304,0.2835354039407634
345.0,355.0,0.0,0,-0.28511309382031247,0.28180502067045565
345.0,365.0,0.0,0,-0.28790620579585824,0.2800839614908756
345.0,375.0,0.0,0,-0.2904375170013029,0.2783873173862587
345.0,385.0,0.0,0,-0.29273371117436336,0.2767260027654971
355.0,5.0,0.0,0,-0.32287807415642455,0.1476488532061345
355.0,15.0,0.0,0,-0.27873597139963685,0.1453322012413608
355.0,25.0,0.0,0,-0.27453891952689663,0.14298822704444392
355.0,35.0,0.0,0,-0.26974844538938264,0.1406682920479971
355.0,45.0,0.0,0,-0.2642602039606069,0.13845559308123767
355.0,55.0,0.0,0,-0.2579552257295078,0.13648286079814104
355.0,65.0,0.0,0,-0.2507056814516077,0.13495893669194783
355.0,75.0,0.0,0,-0.2423908788578488,0.13420630485001966
355.0,85.0,0.0,0,-0.2329324570559525,0.1347073128548299
355.0,95.0,0.0,0,-0.222361083721264,0.13714275226799885
355.0,105.0,0.0,0,-0.21092393667856463,0.14237425586726224
355.0,115.0,0.0,0,-0.19921856215332936,0.15127502992388317
355.0,125.0,0.0,0,-0.18827856480564736,0.1643123800901367
355.0,135.0,0.0,0,-0.1794642643398964,0.18097701211577608
355.0,145.0,0.0,0,-0.17404872347851696,0.1995464774683779
355.0,155.0,0.0,0,-0.1726547238408228,0.2176930892385965
355.0,165.0,0.0,0,-0.17497361121530605,0.23359346609104722
355.0,175.0,0.0,0,-0.18002114362658814,0.2465426989618494
355.0,185.0,0.0,0,-0.1866757152359364,0.25673334560356503
355.0,195.0,0.0,0,-0.19407049135706822,0.26471232003723183
355.0,205.0,0.0,0,-0.20168843355048355,0.27100131490446994
355.0,215.0,0.0,0,-0.20927434355450947,0.2759681383985412
355.0,225.0,0.0,0,-0.2167123352908635,0.2798420574333914
355.0,235.0,0.0,0,-0.22394034938629515,0.2827699753167177
355.0,245.0,0.0,0,-0.23090992287553913,0.2848634472709333
355.0,255.0,0.0,0,-0.23757539995843693,0.2862244225947267
355.0,265.0,0.0,0,-0.2438959506063033,0.2869540267286166
355.0,275.0,0.0,0,-0.24984013564586588,0.2871521797791424
355.0,285.0,0.0,0,-0.2553887218091329,0.28691406172954764
355.0,295.0,0.0,0,-0.26053498761812716,0.28632667652342275
355.0,305.0,0.0,0,-0.2652832109974362,0.28546670920443945
355.0,315.0,0.0,0,-0.2696462849901345,0.284399761948031
355.0,325.0,0.0,0,-0.27364318425214884,0.2831806276494195
355.0,335.0,0.0,0,-0.2772966953512015,0.2818541939654088
355.0,345.0,0.0,0,-0.2806315813751233,0.2804566478367189
355.0,355.0,0.0,0,-0.2836732033093484,0.2790167573257548
355.0,365.0,0.0,0,-0.286446547410531,0.27755709894042757
355.0,375.0,0.0,0,-0.28897558163111764,0.27609516357024244
355.0,385.0,0.0,0,-0.29128286305522366,0.2746443154511027
365.0,5.0,0.0,0,-0.32287807415642455,0.15132896915281274
365.0,15.0,0.0,0,-0.27692148474800116,0.14951448250117697
365.0,25.0,0.0,0,-0.27278573664847083,0.14776129962275103
365.0,35.0,0.0,0,-0.2681237159666175,0.14613657019998605
365.0,45.0,0.0,0,-0.26286249984080107,0.14473886608018022
365.0,55.0,0.0,0,-0.25692773699151467,0.14371137734218703
365.0,65.0,0.0,0,-0.2502531943084534,0.1432588901990326
365.0,75.0,0.0,0,-0.24279880887671376,0.14366682021789753
365.0,85.0,0.0,0,-0.2345814653310669,0.145315828493012
365.0,95.0,0.0,0,-0.22572155091243434,0.14867629568418242
365.0,105.0,0.0,0,-0.21650174524918672,0.15425410425480446
365.0,115.0,0.0,0,-0.2074183621117936,0.1624539042132687
365.0,125.0,0.0,0,-0.19918186902720902,0.17335720843483007
365.0,135.0,0.0,0,-0.1926129833458161,0.18650592744074998
365.0,145.0,0.0,0,-0.18842295650790555,0.20088016047013854
365.0,155.0,0.0,0,-0.18696707497311305,0.2151925116024288
365.0,165.0,0.0,0,-0.18812857346411108,0.22834747385123388
365.0,175.0,0.0,0,-0.19141554178699796,0.23974187201164368
365.0,185.0,0.0,0,-0.19618950657102113,0.2492556633467285
365.0,195.0,0.0,0,-0.20187039617702182,0.2570555681666821
365.0,205.0,0.0,0,-0.20803132869532756,0.26339846331152617
365.0,215.0,0.0,0,-0.21439670236469793,0.26852082212171463
365.0,225.0,0.0,0,-0.22079769160823745,0.2726061784390888
365.0,235.0,0.0,0,-0.22712685787029818,0.2757926869230916
365.0,245.0,0.0,0,-0.23330825566513858,0.2781910197126911
365.0,255.0,0.0,0,-0.23928293238656434,0.2798985521408189
365.0,265.0,0.0,0,-0.24500403060583775,0.281006632140353
365.0,275.0,0.0,0,-0.25043602396258113,0.28160252045706824
365.0,285.0,0.0,0,-0.2555547801108691,0.28176857875880434
365.0,295.0,0.0,0,-0.2603470831835464,0.28158067432422346
365.0,305.0,0.0,0,-0.26480939812501353,0.28110686145180097
365.0,315.0,0.0,0,-0.26894613500946524,0.28040671147113155
365.0,325.0,0.0,0,-0.27276775451326485,0.27953128173224767
365.0,335.0,0.0,0,-0.2762889750051617,0.2785235613862078
365.0,345.0,0.0,0,-0.27952722774830063,0.2774192077593852
365.0,355.0,0.0,0,-0.28250141399781115,0.27624741844784806
365.0,365.0,0.0,0,-0.28523095874838,0.2750318297856969
365.0,375.0,0.0,0,-0.2877351254809484,0.2737913736355277
365.0,385.0,0.0,0,-0.2900325451381024,0.2725410557184065
375.0,5.0,0.0,0,-0.32287807415642455,0.15499556656628957
375.0,15.0,0.0,0,-0.275564935511055,0.15363901732934343
375.0,25.0,0.0,0,-0.2715577733181206,0.15241105399899324
375.0,35.0,0.0,0,-0.2670978082151488,0.15138514624752453
375.0,45.0,0.0,0,-0.26213946464641535,0.15066211105313868
375.0,55.0,0.0,0,-0.2566440337767225,0.1503784078383467
375.0,65.0,0.0,0,-0.25058957511758745,0.15071478864748064
375.0,75.0,0.0,0,-0.2439865286359099,0.15190250840667685
375.0,85.0,0.0,0,-0.2369001648284241,0.1542212079040341
375.0,95.0,0.0,0,-0.22947882999860691,0.1579784869902067
375.0,105.0,0.0,0,-0.2219819079249831,0.163458649666003
375.0,115.0,0.0,0,-0.21479345810417838,0.17083374565838777
375.0,125.0,0.0,0,-0.20840056264972134,0.18005243928090028
375.0,135.0,0.0,0,-0.2033194688651869,0.19075892480027107
375.0,145.0,0.0,0,-0.19997739500210168,0.20231336329446717
375.0,155.0,0.0,0,-0.19859544368349918,0.21394173200485322
375.0,165.0,0.0,0,-0.19913479562343425,0.22494795416417648
375.0,175.0,0.0,0,-0.20133633015471564,0.2348687425318943
375.0,185.0,0.0,0,-0.20482476585943454,0.24350400182030765
375.0,195.0,0.0,0,-0.20921654588420513,0.2508501515274909
375.0,205.0,0.0,0,-0.2141874590950355,0.2570062819271989
375.0,215.0,0.0,0,-0.21949316579565104,0.26210274535815214
375.0,225.0,0.0,0,-0.22495966960127026,0.26626472335118484
375.0,235.0,0.0,0,-0.23046370585624362,0.26960157133713036
375.0,245.0,0.0,0,-0.23591522305489712,0.2722085387268889
375.0,255.0,0.0,0,-0.24124591883979407,0.2741715251801186
375.0,265.0,0.0,0,-0.2464031349876431,0.275570629561924
375.0,275.0,0.0,0,-0.2513469920214245,0.2764815976207674
375.0,285.0,0.0,0,-0.2560489190390976,0.2769757365489958
375.0,295.0,0.0,0,-0.2604904949644345,0.27711914832988394
375.0,305.0,0.0,0,-0.26466216831103356,0.276971918515904
375.0,315.0,0.0,0,-0.26856180466587026,0.2765875881723091
375.0,325.0,0.0,0,-0.2721931672635555,0.2760130009225997
375.0,335.0,0.0,0,-0.27556445902504406,0.2752884849424822
375.0,345.0,0.0,0,-0.27868702060776807,0.2744482778019495
375.0,355.0,0.0,0,-0.2815742333204755,0.2735210971246138
375.0,365.0,0.0,0,-0.2842406380603809,0.27253077643661483
375.0,375.0,0.0,0,-0.28670125692063186,0.2714969078762984
375.0,385.0,0.0,0,-0.28897109135526733,0.2704354540934633
385.0,5.0,0.0,0,-0.32287807415642455,0.1585890928772557
385.0,15.0,0.0,0,-0.2746141684677785,0.15763832583397921
385.0,25.0,0.0,0,-0.27078271631472906,0.15686326883058765
385.0,35.0,0.0,0,-0.26657131129231626,0.15633677190775505
385.0,45.0,0.0,0,-0.26195615132652045,0.15615345858786026
385.0,55.0,0.0,0,-0.25692455571196593,0.15643398052310345
385.0,65.0,0.0,0,-0.25148349685710936,0.1573279022626256
385.0,75.0,0.0,0,-0.24567137705242434,0.15901275067913992
385.0,85.0,0.0,0,-0.23957269498950665,0.16168528084022238
385.0,95.0,0.0,0,-0.23333346294202897,0.1655399137836445
385.0,105.0,0.0,0,-0.22717234581516413,0.17073035167382583
385.0,115.0,0.0,0,-0.2213793166679294,0.17731621023757668
385.0,125.0,0.0,0,-0.21629270747537327,0.18520835506322864
385.0,135.0,0.0,0,-0.21225064140729227,0.1941395276053341
385.0,145.0,0.0,0,-0.20952543361372006,0.2036875662169523
385.0,155.0,0.0,0,-0.20826381843880415,0.21335594097225735
385.0,165.0,0.0,0,-0.2084594934178669,0.22268063876669
385.0,175.0,0.0,0,-0.20997017916366045,0.23131448777563463
385.0,185.0,0.0,0,-0.21256800208710677,0.23905772400330688
385.0,195.0,0.0,0,-0.21599771004735124,0.24583888816645313
385.0,205.0,0.0,0,-0.22002075084097328,0.25167217991239094
385.0,215.0,0.0,0,-0.22443718549065778,0.25661619960739745
385.0,225.0,0.0,0,-0.22908946032582256,0.26074599033194995
385.0,235.0,0.0,0,-0.23385654352142082,0.264138827997127
385.0,245.0,0.0,0,-0.2386455317477095,0.26686913668993933
385.0,255.0,0.0,0,-0.24338448024783657,0.26900769809798175
385.0,265.0,0.0,0,-0.248017477925982,0.27062204103632076
385.0,275.0,0.0,0,-0.2525015869365095,0.27177663595140555
385.0,285.0,0.0,0,-0.25680489278717733,0.27253260969948556
385.0,295.0,0.0,0,-0.2609050474025581,0.2729471621376093
385.0,305.0,0.0,0,-0.2647879565145824,0.2730729503411581
385.0,315.0,0.0,0,-0.26844648345035643,0.27295762912564403
385.0,325.0,0.0,0,-0.27187916792508965,0.27264362978717827
385.0,335.0,0.0,0,-0.2750890072122075,0.27216817797434173
385.0,345.0,0.0,0,-0.2780823499125172,0.2715635072790908
385.0,355.0,0.0,0,-0.28086793589208614,0.27085720985070155
385.0,365.0,0.0,0,-0.2834560957615919,0.2700726675519124
385.0,375.0,0.0,0,-0.285858106835301,0.26922951746658164
385.0,385.0,0.0,0,-0.2880856918443699,0.2683441179556842
